"file_path","bytes","sha256","role","evidence_label"
".gitattributes","44","cce50ea44272b86b3cb1a6c17c6a8857741ab03d753b19d2061d4e34ff13a00d",".gitattributes","DERIVED_EVIDENCE"
"checksums/SHA256SUMS","6871","138e9673d407dcf5ffe19f8a2b2349ed7210a2f49849b06a606abca4728fed7e","checksums","DERIVED_EVIDENCE"
"CITATION.cff","775","7ceffbaadbc1d60f03d5d4c34a8e126e54fb0a7064aff4d1e1c9eb8cb263981c","CITATION.cff","DERIVED_EVIDENCE"
"CLEAN_ROOM_VALIDATION_LOG.md","1161","03a2443a93bc98e9b5f729aa4b1808994c769440ed5eb7afd7dbb0a0c2eda51f","CLEAN_ROOM_VALIDATION_LOG.md","DERIVED_EVIDENCE"
"data/config/CORE_RUNTIME_RULES.csv","2416","8e7a0bf2e6099b867c0094419b01cfe212a7b5d2ea55d532646dce74e00dfb74","data","DERIVED_EVIDENCE"
"data/config/PLCBEAD_MANIFEST.csv","1313785","b21cd4b65240177f01cb7e077fff5698d0a05ffe3bc7244e1225a7858fb90f06","data","DERIVED_EVIDENCE"
"data/config/PLCBEAD_PROGRAM_LEVEL_SPLIT.csv","78726","7db2a8e6e386c1a34906163be576c47d19b9dbe5540f6a91be89a65b2f8f530e","data","DERIVED_EVIDENCE"
"data/config/V3_STATE_ADAPTER_RULES.csv","3193","c0e1de361fb1625caa4dac79e6a82ccd652650a0fa5e2f29447a284f530272a9","data","DERIVED_EVIDENCE"
"data/cross_pipeline/NATIVE_BINARY_MANIFEST_v2_6.csv","43921","58ef4960218cf316dc35fd3f94d87ef6d32fdfa9b66fd9172a1420b0b58b1710","data","DERIVED_EVIDENCE"
"data/cross_pipeline/RELATION_EXTRACTION_RECORDS_v2_3.csv","2024990","c4355c7ef274ab14cf644a6b41f090effa6e0d5740a7ccd15b8b56a846d1177e","data","DERIVED_EVIDENCE"
"data/cross_pipeline/UNCERTAINTY_LOG_v2_3.csv","5487","518e15941dc9a02b5ddfbd32762fe8f52fdf54bef0e24ce762dc5c68ec4ddc7a","data","DERIVED_EVIDENCE"
"data/current/ALL_POPULATION_EVIDENCE_CARDS.csv","625984","f7c303204dd599d9ece5077814439f7f0175d234a28f78d0af067e5b3542403d","data","DERIVED_EVIDENCE"
"data/current/ALL_POPULATION_SAMPLE_FEATURES.csv.gz","9945522","9ce77c1ab52273a7b2b1428d5804b00ad35340a93fb9ee382c4d3d7d5bdeea7b","data","DERIVED_EVIDENCE"
"data/current/ALL_POPULATION_SOURCE_ORACLE.csv","792055","abf2d2a0f325d1dba9f901f74e2af3d74ba08d3257dbc008c1f0e562be16d8ab","data","DERIVED_EVIDENCE"
"data/current/ALL_POPULATION_UNCERTAINTY_LOG.csv","1282147","3a0183529930ec2c1ac764600303aa8690f866b822bf34f9c0786999c5f0d408","data","DERIVED_EVIDENCE"
"data/current/CONTRACT_INVARIANT_REPORT.md","861","9e7602f176e711e43f48bab0af6df72aeee9c0d46dcdd88eb8e7cf8b10f9558b","data","DERIVED_EVIDENCE"
"data/current/CONTRACT_INVARIANT_RESULTS.csv","1160","6c6de6abe2069aba282030df56968acee107cefeb9dc8c2969b31d76b97039c8","data","DERIVED_EVIDENCE"
"data/current/FULL_POPULATION_SCHEMA_METRICS.csv","1562","7a0eb30ad24888535a09fc054571668aa08855d267e94d841b8ec35c8bef2181","data","DERIVED_EVIDENCE"
"data/current/FULL_POPULATION_SCHEMA_PREDICTIONS.csv","1713369","7fe50f17e8a6eaee7e202edef9274788cdef04ddcf65ae80adf2bf09436faeb0","data","DERIVED_EVIDENCE"
"data/current/FULL_POPULATION_TRANSFER_METRICS.csv","708","35cb0896efd77d6a6f398ea737efa0f171d20984f05726aeb38acba67f9270c2","data","DERIVED_EVIDENCE"
"data/current/RQ_POPULATION_FLOW.csv","772","6a11cbb79be934005a35cdbe07bf96aeb55da2e5287b4b9ab7b656e49673604b","data","DERIVED_EVIDENCE"
"data/current/RQ_POPULATION_FLOW_REPORT.md","1002","224e8b1b92256aaa25d4a99a32577f26d0b0d7146f0c4cd4de1b7ac755776ba5","data","DERIVED_EVIDENCE"
"data/current/RUNNING_EXAMPLE_TRACE_CASES.csv","2506","34d89679ba135a1cb3ef5a1ace472db69e12af61b22071e9bf2d98b92d8b7f38","data","DERIVED_EVIDENCE"
"data/current/SCHEMA_CONTENT_COVERAGE.csv","2285","5e23472fdd595f2826131f3a2da0df6d9d16c4ba97388989e54445aac0634274","data","DERIVED_EVIDENCE"
"data/current/SCHEMA_DERIVATION_AND_CONTENT_VALIDITY.md","1406","5d34415be359bafb91f5566fa5a901f74e20a2049220da072f11406a969cebe9","data","DERIVED_EVIDENCE"
"data/current/V6_CONTENT_VALIDATION_RESULT.json","9485","3da17475aac3d200221364c127e0edc2293465324e8b9e75f55e5ccda7b1454b","data","DERIVED_EVIDENCE"
"data/current/V6_RUN_LOG.md","2317","50a5fe22eb0c047d1288c598fdf6a31961634432a8b765ccad5e83a9d07d6905","data","DERIVED_EVIDENCE"
"data/fixtures/syn_codesys_gap.json","1687","48fa4e4561be1def87324d1d06dba92d9a220fd7dafc5b7382edc6ace3284d81","data","DERIVED_EVIDENCE"
"data/fixtures/syn_full_openplc.json","2175","086094d4eec527ca9780a6023e6a75a982ca81f208e9f56baf890639f6b9a04f","data","DERIVED_EVIDENCE"
"data/fixtures/syn_partial_state.json","1686","686f4162208fe3e4fc103e958f39fbc28a1781153b235ae1ac6cff0a925f0a76","data","DERIVED_EVIDENCE"
"data/fixtures/syn_unexplained_missing.json","725","7f841fb85595e48566c38f617faeafee91ccfc21d372954d3a49a6534bf3b93e","data","DERIVED_EVIDENCE"
"data/v5/CROSS_PIPELINE_ADAPTER_REPORT.md","1207","d5d1e0ee9a96eec81541abd2c70429d6d73b244471e50ab1613133765a68c8a7","data","DERIVED_EVIDENCE"
"data/v5/CROSS_PIPELINE_EVIDENCE_CARDS.csv","5825","716b61a5a3058ef3bb31e996d05151f94a1a93bbacc0fa0cdd07cfae802edeee","data","DERIVED_EVIDENCE"
"data/v5/JSS_CONTENT_REVISION_VALIDATION.json","6056","1e86c6cfe8a03b0955809f6e66985a1b372e0c2a9ba1b89906f2715c9057342b","data","DERIVED_EVIDENCE"
"data/v5/JSS_CONTENT_REVISION_VALIDATION.md","3673","39bb343f756e36dd9e25c91eb133a01f07424240617adcb8f9fc3d065d3c9725","data","DERIVED_EVIDENCE"
"data/v5/SCHEMA_SIMPLIFICATION_METRICS.csv","1873","54aa4190070d4af631568ff6ac06eeec181bfd9ca720ae347c53c855ea171b26","data","DERIVED_EVIDENCE"
"data/v5/SCHEMA_SIMPLIFICATION_PREDICTIONS.csv","2214571","0006fdeef45636ad5cd822ccb0955ce4380092c2714fe79614e4dbb67f917922","data","DERIVED_EVIDENCE"
"data/v5/SCHEMA_SIMPLIFICATION_REPORT.md","2048","1c0ccafc379edd45953c4308d74b1628c4882b4b5b9362f42a9698829b73a43d","data","DERIVED_EVIDENCE"
"data/v5/SCHEMA_STATE_COLLISION_AUDIT.csv","1590","51dc1d49fd3d8b029b5bd73d734c2833e0e3ced9b2dbe9b47a0c7417734d38ee","data","DERIVED_EVIDENCE"
"data/v5/UNGATED_TRANSFER_PROBE_METRICS.csv","731","f394e3d23f803aa9f08fd35bf039193635b7ab779249eb09caeb6d724f2629e6","data","DERIVED_EVIDENCE"
"data/v5/UNGATED_TRANSFER_PROBE_REPORT.md","1063","57c19900928e022d85ddd7d6ec97fb9ce2c94afc257dd69b6b35dc0ef408983f","data","DERIVED_EVIDENCE"
"data/v5/UNGATED_TRANSFER_PROBE_ROWS.csv","719881","0128f3e1abd74f3dce2eb3b6bebd6c99818aeb78948e9cbe3e3d22dba71ceae0","data","DERIVED_EVIDENCE"
"data/v5/V5_JSS_METHOD_VALIDATION_RESULT.json","2899","c6fb0f62d4dec64f7484502d861f8e8253b029467002a4a2c749aeaec50b4497","data","DERIVED_EVIDENCE"
"data/v5/V5_JSS_METHOD_VALIDATION_RUN_LOG.md","644","ca51c4533774e9e66ab290e8426d263c50757bd86280e20bdbe3e29678cbb086","data","DERIVED_EVIDENCE"
"environment/ENVIRONMENT.md","687","e691224a106d8a7d29406743a179d6d30e8c15177e6a7f7005a7fe1c656d66b7","environment","DERIVED_EVIDENCE"
"environment/requirements.txt","88","a1a167e8708c6365d6734987dececb6d12b78397ce9d70bd96e56de39918888b","environment","DERIVED_EVIDENCE"
"history/PLCEMBED_A1_MODE_SWEEP_N2000.csv","1443","7a3b34a47c8ec2f5adb14d10aec9dd7d856b3ae80e9ec7a793522d5b2ef74a78","history","DERIVED_EVIDENCE"
"history/PLCEMBED_INSPIRED_A2_FUNCTION_FOLD0_FULL_METRICS_NANEXCLUDED_V1A.csv","583","c14522a4a4625561447f93822dbd0e3a4da7f044f404c1a71c044d66ae895146","history","DERIVED_EVIDENCE"
"history/README.md","236","b538129264c5d308a66548218b93eccc0a4918dbf468904008949690453079ab","history","DERIVED_EVIDENCE"
"history/SKLEARN_SANITY_FUNCTION_FOLD0.csv","877","40ccb422d498aad15d8f17e1926e0c250d9e896278585b4ac63add43fa288a37","history","DERIVED_EVIDENCE"
"history/V2_CORE_RUNTIME_FOLD0_METRICS.csv","1835","f3aa66302dc4241da641a62e134b14e551b74cce29e1f2035a4c35e9b5dfeee2","history","DERIVED_EVIDENCE"
"history/V3C_ABLATION_RESULTS.csv","31555","0a65f2b7c663417e20517732df21d7b5c6f424df9eb52eacd51be884e04dec10","history","DERIVED_EVIDENCE"
"history/V3C_PER_FOLD_CRITERION_STABILITY.csv","1807","2f0eb08dc489ec6eacf7501f3cb6b47f18b6d935c8de0b776c27acb7ec4d1fd2","history","DERIVED_EVIDENCE"
"LICENSE","1573","ca021c368fc4faa169c789720c706c956bdcebe72f2b0c808c43b9f21b334d34","LICENSE","DERIVED_EVIDENCE"
"LICENSE-DATA","969","ff6cffdfcad4f9d1db8836f479829e9ccb0102597267e5fc6ee7fb23477791f2","LICENSE-DATA","DERIVED_EVIDENCE"
"manuscript_support/figs/fig1_scaa_plc_framework_revision_v2.pdf","26980","96f2a7e27580f932079dab4930a9df03e86821f911d0c895ea297bf41ff672f8","manuscript_support","DERIVED_EVIDENCE"
"manuscript_support/figs/jss_s1_ec_status_v6.pdf","15810","b164e6e71da0d0b490f4d2a19297c330e20f0a2cb1531dbe25c5c30032f3a78c","manuscript_support","DERIVED_EVIDENCE"
"manuscript_support/figs/jss_s2_primary_reason_v6.pdf","17586","411ab78aaaa6aec33b6bbb0b4d01343902b72a6b7c93ef7d1649a1f60a6ab615","manuscript_support","DERIVED_EVIDENCE"
"manuscript_support/figs/jss_s3_ec_cofilled_v6.pdf","9891","4078380578ba47d416519725ea18ef1e9c9a7f50194d4e99667e84e2d500e878","manuscript_support","DERIVED_EVIDENCE"
"manuscript_support/figs/r1_dataset_observability.pdf","1455001","4494a8135bf111bac1af56bb8df7bd26339a43dd4f70d642e3c7b5efd20c6cb1","manuscript_support","DERIVED_EVIDENCE"
"manuscript_support/main.tex","74238","7411e92933a7fa7cebe5f2bfc46424b4aee7bb872602547ea56d42b822cb949a","manuscript_support","DERIVED_EVIDENCE"
"manuscript_support/refs.bib","19559","767fdcc56516be1fba82a5c6c3906210d4866d3ff604f52bde4163ea87606649","manuscript_support","DERIVED_EVIDENCE"
"manuscript_support/supplementary.tex","15369","86691d127df250b2c0ad75a49db72bef85d9c93ede48132501be30f298b9ebb2","manuscript_support","DERIVED_EVIDENCE"
"README.md","3197","f752ede70a5eea90dd8f89b3c206fa23a0277498c8a84e1f9ec278e6b8d5becc","README.md","DERIVED_EVIDENCE"
"run_artifact.py","5174","41304b9a13f65ab57f1e6ba7be9cd5e636e3ba37664a8166649b1c87a11316ba","run_artifact.py","DERIVED_EVIDENCE"
"scripts/verify_plcbead_acquisition.py","1292","112b50332b7d8422736edb8cc23f9871564cff6659b1a38fc49ebef6945f4f4c","scripts","DERIVED_EVIDENCE"
"THIRD_PARTY_NOTICES.md","1183","f9a0f51ac759ad77dc7387beb19bcc90816d8f48931d0f98947295196b7a4ca1","THIRD_PARTY_NOTICES.md","DERIVED_EVIDENCE"
