"program_name","func_label","fold_id","toolchain_count","sample_count","has_codesys","has_geb","has_openplcv2","has_openplcv3","split_policy"
"ACTUATOR_3P","Actuators_HVAC","fold_0","3","3","0","0","0","0","STRATIFIED_10_FOLD_BY_FUNC_LABEL_PROGRAM_LEVEL"
"ACTUATOR_A","Actuators_HVAC","fold_1","2","2","0","0","0","0","STRATIFIED_10_FOLD_BY_FUNC_LABEL_PROGRAM_LEVEL"
"ACTUATOR_COIL","Actuators_HVAC","fold_2","3","3","0","0","0","0","STRATIFIED_10_FOLD_BY_FUNC_LABEL_PROGRAM_LEVEL"
"ACTUATOR_PUMP","Actuators_HVAC","fold_3","3","3","0","0","0","0","STRATIFIED_10_FOLD_BY_FUNC_LABEL_PROGRAM_LEVEL"
"ACTUATOR_UD","Actuators_HVAC","fold_4","3","3","0","0","0","0","STRATIFIED_10_FOLD_BY_FUNC_LABEL_PROGRAM_LEVEL"
"AIR_DENSITY","Actuators_HVAC","fold_5","3","3","0","0","0","0","STRATIFIED_10_FOLD_BY_FUNC_LABEL_PROGRAM_LEVEL"
"AIR_ENTHALPY","Actuators_HVAC","fold_6","3","3","0","0","0","0","STRATIFIED_10_FOLD_BY_FUNC_LABEL_PROGRAM_LEVEL"
"AUTORUN","Actuators_HVAC","fold_7","2","2","0","0","0","0","STRATIFIED_10_FOLD_BY_FUNC_LABEL_PROGRAM_LEVEL"
"BOILER","Actuators_HVAC","fold_8","3","3","0","0","0","0","STRATIFIED_10_FOLD_BY_FUNC_LABEL_PROGRAM_LEVEL"
"BURNER","Actuators_HVAC","fold_9","2","2","0","0","0","0","STRATIFIED_10_FOLD_BY_FUNC_LABEL_PROGRAM_LEVEL"
"DEW_CON","Actuators_HVAC","fold_0","3","3","0","0","0","0","STRATIFIED_10_FOLD_BY_FUNC_LABEL_PROGRAM_LEVEL"
"DEW_RH","Actuators_HVAC","fold_1","3","3","0","0","0","0","STRATIFIED_10_FOLD_BY_FUNC_LABEL_PROGRAM_LEVEL"
"DEW_TEMP","Actuators_HVAC","fold_2","3","3","0","0","0","0","STRATIFIED_10_FOLD_BY_FUNC_LABEL_PROGRAM_LEVEL"
"HEAT_INDEX","Actuators_HVAC","fold_3","3","3","0","0","0","0","STRATIFIED_10_FOLD_BY_FUNC_LABEL_PROGRAM_LEVEL"
"HEAT_METER","Actuators_HVAC","fold_4","1","1","0","0","0","0","STRATIFIED_10_FOLD_BY_FUNC_LABEL_PROGRAM_LEVEL"
"HEAT_TEMP","Actuators_HVAC","fold_5","3","3","0","0","0","0","STRATIFIED_10_FOLD_BY_FUNC_LABEL_PROGRAM_LEVEL"
"LEGIONELLA","Actuators_HVAC","fold_6","3","3","0","0","0","0","STRATIFIED_10_FOLD_BY_FUNC_LABEL_PROGRAM_LEVEL"
"SDD","Actuators_HVAC","fold_7","3","3","0","0","0","0","STRATIFIED_10_FOLD_BY_FUNC_LABEL_PROGRAM_LEVEL"
"SDD_NH3","Actuators_HVAC","fold_8","3","3","0","0","0","0","STRATIFIED_10_FOLD_BY_FUNC_LABEL_PROGRAM_LEVEL"
"SDT_NH3","Actuators_HVAC","fold_9","3","3","0","0","0","0","STRATIFIED_10_FOLD_BY_FUNC_LABEL_PROGRAM_LEVEL"
"T_AVG24","Actuators_HVAC","fold_0","2","2","0","0","0","0","STRATIFIED_10_FOLD_BY_FUNC_LABEL_PROGRAM_LEVEL"
"TANK_LEVEL","Actuators_HVAC","fold_1","3","3","0","0","0","0","STRATIFIED_10_FOLD_BY_FUNC_LABEL_PROGRAM_LEVEL"
"TANK_VOL1","Actuators_HVAC","fold_2","3","3","0","0","0","0","STRATIFIED_10_FOLD_BY_FUNC_LABEL_PROGRAM_LEVEL"
"TANK_VOL2","Actuators_HVAC","fold_3","3","3","0","0","0","0","STRATIFIED_10_FOLD_BY_FUNC_LABEL_PROGRAM_LEVEL"
"TEMP_EXT","Actuators_HVAC","fold_4","3","3","0","0","0","0","STRATIFIED_10_FOLD_BY_FUNC_LABEL_PROGRAM_LEVEL"
"WATER_CP","Actuators_HVAC","fold_5","3","3","0","0","0","0","STRATIFIED_10_FOLD_BY_FUNC_LABEL_PROGRAM_LEVEL"
"WATER_DENSITY","Actuators_HVAC","fold_6","2","2","0","0","0","0","STRATIFIED_10_FOLD_BY_FUNC_LABEL_PROGRAM_LEVEL"
"WATER_ENTHALPY","Actuators_HVAC","fold_7","3","3","0","0","0","0","STRATIFIED_10_FOLD_BY_FUNC_LABEL_PROGRAM_LEVEL"
"WCT","Actuators_HVAC","fold_8","3","3","0","0","0","0","STRATIFIED_10_FOLD_BY_FUNC_LABEL_PROGRAM_LEVEL"
"F_LIN","Arithmetic_Func","fold_0","4","4","0","0","0","0","STRATIFIED_10_FOLD_BY_FUNC_LABEL_PROGRAM_LEVEL"
"F_LIN2","Arithmetic_Func","fold_1","4","4","0","0","0","0","STRATIFIED_10_FOLD_BY_FUNC_LABEL_PROGRAM_LEVEL"
"F_POLY","Arithmetic_Func","fold_2","4","4","0","0","0","0","STRATIFIED_10_FOLD_BY_FUNC_LABEL_PROGRAM_LEVEL"
"F_POWER","Arithmetic_Func","fold_3","4","4","0","0","0","0","STRATIFIED_10_FOLD_BY_FUNC_LABEL_PROGRAM_LEVEL"
"F_QUAD","Arithmetic_Func","fold_4","4","4","0","0","0","0","STRATIFIED_10_FOLD_BY_FUNC_LABEL_PROGRAM_LEVEL"
"FRMP_B","Arithmetic_Func","fold_5","4","4","0","0","0","0","STRATIFIED_10_FOLD_BY_FUNC_LABEL_PROGRAM_LEVEL"
"FT_AVG","Arithmetic_Func","fold_6","4","4","0","0","0","0","STRATIFIED_10_FOLD_BY_FUNC_LABEL_PROGRAM_LEVEL"
"FT_MIN_MAX","Arithmetic_Func","fold_7","4","4","0","0","0","0","STRATIFIED_10_FOLD_BY_FUNC_LABEL_PROGRAM_LEVEL"
"FT_RMP","Arithmetic_Func","fold_8","4","4","0","0","0","0","STRATIFIED_10_FOLD_BY_FUNC_LABEL_PROGRAM_LEVEL"
"LINEAR_INT","Arithmetic_Func","fold_9","4","4","0","0","0","0","STRATIFIED_10_FOLD_BY_FUNC_LABEL_PROGRAM_LEVEL"
"POLYNOM_INT","Arithmetic_Func","fold_0","4","4","0","0","0","0","STRATIFIED_10_FOLD_BY_FUNC_LABEL_PROGRAM_LEVEL"
"_ARRAY_ABS","Array_Buffer_Mem_List","fold_0","4","4","0","0","0","0","STRATIFIED_10_FOLD_BY_FUNC_LABEL_PROGRAM_LEVEL"
"_ARRAY_ADD","Array_Buffer_Mem_List","fold_1","4","4","0","0","0","0","STRATIFIED_10_FOLD_BY_FUNC_LABEL_PROGRAM_LEVEL"
"_ARRAY_INIT","Array_Buffer_Mem_List","fold_2","4","4","0","0","0","0","STRATIFIED_10_FOLD_BY_FUNC_LABEL_PROGRAM_LEVEL"
"_ARRAY_MUL","Array_Buffer_Mem_List","fold_3","4","4","0","0","0","0","STRATIFIED_10_FOLD_BY_FUNC_LABEL_PROGRAM_LEVEL"
"_ARRAY_SHUFFLE","Array_Buffer_Mem_List","fold_4","4","4","0","0","0","0","STRATIFIED_10_FOLD_BY_FUNC_LABEL_PROGRAM_LEVEL"
"_ARRAY_SORT","Array_Buffer_Mem_List","fold_5","4","4","0","0","0","0","STRATIFIED_10_FOLD_BY_FUNC_LABEL_PROGRAM_LEVEL"
"_BUFFER_UPPERCASE_NW","Array_Buffer_Mem_List","fold_6","3","3","0","0","0","0","STRATIFIED_10_FOLD_BY_FUNC_LABEL_PROGRAM_LEVEL"
"ARRAY_AVG","Array_Buffer_Mem_List","fold_7","4","4","0","0","0","0","STRATIFIED_10_FOLD_BY_FUNC_LABEL_PROGRAM_LEVEL"
"ARRAY_GAV","Array_Buffer_Mem_List","fold_8","4","4","0","0","0","0","STRATIFIED_10_FOLD_BY_FUNC_LABEL_PROGRAM_LEVEL"
"ARRAY_HAV","Array_Buffer_Mem_List","fold_9","4","4","0","0","0","0","STRATIFIED_10_FOLD_BY_FUNC_LABEL_PROGRAM_LEVEL"
"ARRAY_MAX","Array_Buffer_Mem_List","fold_0","4","4","0","0","0","0","STRATIFIED_10_FOLD_BY_FUNC_LABEL_PROGRAM_LEVEL"
"ARRAY_MEDIAN","Array_Buffer_Mem_List","fold_1","3","3","0","0","0","0","STRATIFIED_10_FOLD_BY_FUNC_LABEL_PROGRAM_LEVEL"
"ARRAY_MIN","Array_Buffer_Mem_List","fold_2","4","4","0","0","0","0","STRATIFIED_10_FOLD_BY_FUNC_LABEL_PROGRAM_LEVEL"
"ARRAY_SDV","Array_Buffer_Mem_List","fold_3","4","4","0","0","0","0","STRATIFIED_10_FOLD_BY_FUNC_LABEL_PROGRAM_LEVEL"
"ARRAY_SPR","Array_Buffer_Mem_List","fold_4","4","4","0","0","0","0","STRATIFIED_10_FOLD_BY_FUNC_LABEL_PROGRAM_LEVEL"
"ARRAY_SUM","Array_Buffer_Mem_List","fold_5","4","4","0","0","0","0","STRATIFIED_10_FOLD_BY_FUNC_LABEL_PROGRAM_LEVEL"
"ARRAY_TREND","Array_Buffer_Mem_List","fold_6","4","4","0","0","0","0","STRATIFIED_10_FOLD_BY_FUNC_LABEL_PROGRAM_LEVEL"
"ARRAY_VAR","Array_Buffer_Mem_List","fold_7","4","4","0","0","0","0","STRATIFIED_10_FOLD_BY_FUNC_LABEL_PROGRAM_LEVEL"
"BUFFER_COMP","Array_Buffer_Mem_List","fold_8","4","4","0","0","0","0","STRATIFIED_10_FOLD_BY_FUNC_LABEL_PROGRAM_LEVEL"
"BUFFER_COMP_NW","Array_Buffer_Mem_List","fold_9","3","3","0","0","0","0","STRATIFIED_10_FOLD_BY_FUNC_LABEL_PROGRAM_LEVEL"
"FIFO_16","Array_Buffer_Mem_List","fold_0","4","4","0","0","0","0","STRATIFIED_10_FOLD_BY_FUNC_LABEL_PROGRAM_LEVEL"
"FIFO_32","Array_Buffer_Mem_List","fold_1","4","4","0","0","0","0","STRATIFIED_10_FOLD_BY_FUNC_LABEL_PROGRAM_LEVEL"
"IS_SORTED","Array_Buffer_Mem_List","fold_2","4","4","0","0","0","0","STRATIFIED_10_FOLD_BY_FUNC_LABEL_PROGRAM_LEVEL"
"LIST_ADD","Array_Buffer_Mem_List","fold_3","4","4","0","0","0","0","STRATIFIED_10_FOLD_BY_FUNC_LABEL_PROGRAM_LEVEL"
"STACK_16","Array_Buffer_Mem_List","fold_4","4","4","0","0","0","0","STRATIFIED_10_FOLD_BY_FUNC_LABEL_PROGRAM_LEVEL"
"STACK_32","Array_Buffer_Mem_List","fold_5","4","4","0","0","0","0","STRATIFIED_10_FOLD_BY_FUNC_LABEL_PROGRAM_LEVEL"
"DRIVER_1","Basic_Dev_Drivers","fold_0","4","4","0","0","0","0","STRATIFIED_10_FOLD_BY_FUNC_LABEL_PROGRAM_LEVEL"
"DRIVER_4","Basic_Dev_Drivers","fold_1","4","4","0","0","0","0","STRATIFIED_10_FOLD_BY_FUNC_LABEL_PROGRAM_LEVEL"
"DRIVER_4C","Basic_Dev_Drivers","fold_2","4","4","0","0","0","0","STRATIFIED_10_FOLD_BY_FUNC_LABEL_PROGRAM_LEVEL"
"FLOW_CONTROL","Basic_Dev_Drivers","fold_3","4","4","0","0","0","0","STRATIFIED_10_FOLD_BY_FUNC_LABEL_PROGRAM_LEVEL"
"FLOW_CONTROL_4","Basic_Dev_Drivers","fold_4","3","3","0","0","0","0","STRATIFIED_10_FOLD_BY_FUNC_LABEL_PROGRAM_LEVEL"
"FT_PROFILE","Basic_Dev_Drivers","fold_5","4","4","0","0","0","0","STRATIFIED_10_FOLD_BY_FUNC_LABEL_PROGRAM_LEVEL"
"INC_DEC","Basic_Dev_Drivers","fold_6","3","3","0","0","0","0","STRATIFIED_10_FOLD_BY_FUNC_LABEL_PROGRAM_LEVEL"
"INTERLOCK","Basic_Dev_Drivers","fold_7","4","4","0","0","0","0","STRATIFIED_10_FOLD_BY_FUNC_LABEL_PROGRAM_LEVEL"
"INTERLOCK_4","Basic_Dev_Drivers","fold_8","4","4","0","0","0","0","STRATIFIED_10_FOLD_BY_FUNC_LABEL_PROGRAM_LEVEL"
"MANUAL","Basic_Dev_Drivers","fold_9","4","4","0","0","0","0","STRATIFIED_10_FOLD_BY_FUNC_LABEL_PROGRAM_LEVEL"
"MANUAL_1","Basic_Dev_Drivers","fold_0","4","4","0","0","0","0","STRATIFIED_10_FOLD_BY_FUNC_LABEL_PROGRAM_LEVEL"
"MANUAL_2","Basic_Dev_Drivers","fold_1","4","4","0","0","0","0","STRATIFIED_10_FOLD_BY_FUNC_LABEL_PROGRAM_LEVEL"
"MANUAL_4","Basic_Dev_Drivers","fold_2","4","4","0","0","0","0","STRATIFIED_10_FOLD_BY_FUNC_LABEL_PROGRAM_LEVEL"
"PARSET","Basic_Dev_Drivers","fold_3","4","4","0","0","0","0","STRATIFIED_10_FOLD_BY_FUNC_LABEL_PROGRAM_LEVEL"
"PARSET2","Basic_Dev_Drivers","fold_4","4","4","0","0","0","0","STRATIFIED_10_FOLD_BY_FUNC_LABEL_PROGRAM_LEVEL"
"SIGNAL","Basic_Dev_Drivers","fold_5","4","4","0","0","0","0","STRATIFIED_10_FOLD_BY_FUNC_LABEL_PROGRAM_LEVEL"
"SIGNAL_4","Basic_Dev_Drivers","fold_6","4","4","0","0","0","0","STRATIFIED_10_FOLD_BY_FUNC_LABEL_PROGRAM_LEVEL"
"SRAMP","Basic_Dev_Drivers","fold_7","4","4","0","0","0","0","STRATIFIED_10_FOLD_BY_FUNC_LABEL_PROGRAM_LEVEL"
"TUNE","Basic_Dev_Drivers","fold_8","4","4","0","0","0","0","STRATIFIED_10_FOLD_BY_FUNC_LABEL_PROGRAM_LEVEL"
"TUNE2","Basic_Dev_Drivers","fold_9","4","4","0","0","0","0","STRATIFIED_10_FOLD_BY_FUNC_LABEL_PROGRAM_LEVEL"
"CIRCLE_A","Basic_Other_Func","fold_0","4","4","0","0","0","0","STRATIFIED_10_FOLD_BY_FUNC_LABEL_PROGRAM_LEVEL"
"CIRCLE_C","Basic_Other_Func","fold_1","4","4","0","0","0","0","STRATIFIED_10_FOLD_BY_FUNC_LABEL_PROGRAM_LEVEL"
"CIRCLE_SEG","Basic_Other_Func","fold_2","4","4","0","0","0","0","STRATIFIED_10_FOLD_BY_FUNC_LABEL_PROGRAM_LEVEL"
"CONE_V","Basic_Other_Func","fold_3","4","4","0","0","0","0","STRATIFIED_10_FOLD_BY_FUNC_LABEL_PROGRAM_LEVEL"
"ELLIPSE_A","Basic_Other_Func","fold_4","4","4","0","0","0","0","STRATIFIED_10_FOLD_BY_FUNC_LABEL_PROGRAM_LEVEL"
"ELLIPSE_C","Basic_Other_Func","fold_5","4","4","0","0","0","0","STRATIFIED_10_FOLD_BY_FUNC_LABEL_PROGRAM_LEVEL"
"ESR_COLLECT","Basic_Other_Func","fold_6","4","4","0","0","0","0","STRATIFIED_10_FOLD_BY_FUNC_LABEL_PROGRAM_LEVEL"
"ESR_MON_B8","Basic_Other_Func","fold_7","4","4","0","0","0","0","STRATIFIED_10_FOLD_BY_FUNC_LABEL_PROGRAM_LEVEL"
"ESR_MON_X8","Basic_Other_Func","fold_8","4","4","0","0","0","0","STRATIFIED_10_FOLD_BY_FUNC_LABEL_PROGRAM_LEVEL"
"OSCAT_VERSION","Basic_Other_Func","fold_9","4","4","0","0","0","0","STRATIFIED_10_FOLD_BY_FUNC_LABEL_PROGRAM_LEVEL"
"R2_ABS","Basic_Other_Func","fold_0","4","4","0","0","0","0","STRATIFIED_10_FOLD_BY_FUNC_LABEL_PROGRAM_LEVEL"
"R2_ADD","Basic_Other_Func","fold_1","4","4","0","0","0","0","STRATIFIED_10_FOLD_BY_FUNC_LABEL_PROGRAM_LEVEL"
"R2_ADD2","Basic_Other_Func","fold_2","4","4","0","0","0","0","STRATIFIED_10_FOLD_BY_FUNC_LABEL_PROGRAM_LEVEL"
"R2_DIV","Basic_Other_Func","fold_3","3","3","0","0","0","0","STRATIFIED_10_FOLD_BY_FUNC_LABEL_PROGRAM_LEVEL"
"R2_MUL","Basic_Other_Func","fold_4","4","4","0","0","0","0","STRATIFIED_10_FOLD_BY_FUNC_LABEL_PROGRAM_LEVEL"
"R2_SET","Basic_Other_Func","fold_5","4","4","0","0","0","0","STRATIFIED_10_FOLD_BY_FUNC_LABEL_PROGRAM_LEVEL"
"SPHERE_V","Basic_Other_Func","fold_6","4","4","0","0","0","0","STRATIFIED_10_FOLD_BY_FUNC_LABEL_PROGRAM_LEVEL"
"STATUS_TO_ESR","Basic_Other_Func","fold_7","4","4","0","0","0","0","STRATIFIED_10_FOLD_BY_FUNC_LABEL_PROGRAM_LEVEL"
"TRIANGLE_A","Basic_Other_Func","fold_8","4","4","0","0","0","0","STRATIFIED_10_FOLD_BY_FUNC_LABEL_PROGRAM_LEVEL"
"BLIND_ACTUATOR","Building_Other_Func","fold_0","3","3","0","0","0","0","STRATIFIED_10_FOLD_BY_FUNC_LABEL_PROGRAM_LEVEL"
"BLIND_CONTROL","Building_Other_Func","fold_1","3","3","0","0","0","0","STRATIFIED_10_FOLD_BY_FUNC_LABEL_PROGRAM_LEVEL"
"BLIND_CONTROL_S","Building_Other_Func","fold_2","3","3","0","0","0","0","STRATIFIED_10_FOLD_BY_FUNC_LABEL_PROGRAM_LEVEL"
"BLIND_INPUT","Building_Other_Func","fold_3","2","2","0","0","0","0","STRATIFIED_10_FOLD_BY_FUNC_LABEL_PROGRAM_LEVEL"
"BLIND_NIGHT","Building_Other_Func","fold_4","3","3","0","0","0","0","STRATIFIED_10_FOLD_BY_FUNC_LABEL_PROGRAM_LEVEL"
"BLIND_SCENE","Building_Other_Func","fold_5","3","3","0","0","0","0","STRATIFIED_10_FOLD_BY_FUNC_LABEL_PROGRAM_LEVEL"
"BLIND_SECURITY","Building_Other_Func","fold_6","3","3","0","0","0","0","STRATIFIED_10_FOLD_BY_FUNC_LABEL_PROGRAM_LEVEL"
"BLIND_SET","Building_Other_Func","fold_7","3","3","0","0","0","0","STRATIFIED_10_FOLD_BY_FUNC_LABEL_PROGRAM_LEVEL"
"BLIND_SHADE_S","Building_Other_Func","fold_8","3","3","0","0","0","0","STRATIFIED_10_FOLD_BY_FUNC_LABEL_PROGRAM_LEVEL"
"BUILDING_VERSION","Building_Other_Func","fold_9","3","3","0","0","0","0","STRATIFIED_10_FOLD_BY_FUNC_LABEL_PROGRAM_LEVEL"
"CLICK","Building_Other_Func","fold_0","2","2","0","0","0","0","STRATIFIED_10_FOLD_BY_FUNC_LABEL_PROGRAM_LEVEL"
"CLICK_MODE","Building_Other_Func","fold_1","2","2","0","0","0","0","STRATIFIED_10_FOLD_BY_FUNC_LABEL_PROGRAM_LEVEL"
"DEBOUNCE","Building_Other_Func","fold_2","3","3","0","0","0","0","STRATIFIED_10_FOLD_BY_FUNC_LABEL_PROGRAM_LEVEL"
"DIMM_2","Building_Other_Func","fold_3","2","2","0","0","0","0","STRATIFIED_10_FOLD_BY_FUNC_LABEL_PROGRAM_LEVEL"
"DIMM_I","Building_Other_Func","fold_4","2","2","0","0","0","0","STRATIFIED_10_FOLD_BY_FUNC_LABEL_PROGRAM_LEVEL"
"F_LAMP","Building_Other_Func","fold_5","3","3","0","0","0","0","STRATIFIED_10_FOLD_BY_FUNC_LABEL_PROGRAM_LEVEL"
"PULSE_LENGTH","Building_Other_Func","fold_6","3","3","0","0","0","0","STRATIFIED_10_FOLD_BY_FUNC_LABEL_PROGRAM_LEVEL"
"PULSE_T","Building_Other_Func","fold_7","3","3","0","0","0","0","STRATIFIED_10_FOLD_BY_FUNC_LABEL_PROGRAM_LEVEL"
"SW_RECONFIG","Building_Other_Func","fold_8","3","3","0","0","0","0","STRATIFIED_10_FOLD_BY_FUNC_LABEL_PROGRAM_LEVEL"
"SWITCH_I","Building_Other_Func","fold_9","3","3","0","0","0","0","STRATIFIED_10_FOLD_BY_FUNC_LABEL_PROGRAM_LEVEL"
"SWITCH_X","Building_Other_Func","fold_0","3","3","0","0","0","0","STRATIFIED_10_FOLD_BY_FUNC_LABEL_PROGRAM_LEVEL"
"TIMER_1","Building_Other_Func","fold_1","3","3","0","0","0","0","STRATIFIED_10_FOLD_BY_FUNC_LABEL_PROGRAM_LEVEL"
"TIMER_2","Building_Other_Func","fold_2","3","3","0","0","0","0","STRATIFIED_10_FOLD_BY_FUNC_LABEL_PROGRAM_LEVEL"
"TIMER_EXT","Building_Other_Func","fold_3","3","3","0","0","0","0","STRATIFIED_10_FOLD_BY_FUNC_LABEL_PROGRAM_LEVEL"
"TIMER_P4","Building_Other_Func","fold_4","2","2","0","0","0","0","STRATIFIED_10_FOLD_BY_FUNC_LABEL_PROGRAM_LEVEL"
"ASTRO","Calculations","fold_0","4","4","0","0","0","0","STRATIFIED_10_FOLD_BY_FUNC_LABEL_PROGRAM_LEVEL"
"BFT_TO_MS","Calculations","fold_1","4","4","0","0","0","0","STRATIFIED_10_FOLD_BY_FUNC_LABEL_PROGRAM_LEVEL"
"C_TO_F","Calculations","fold_2","4","4","0","0","0","0","STRATIFIED_10_FOLD_BY_FUNC_LABEL_PROGRAM_LEVEL"
"C_TO_K","Calculations","fold_3","4","4","0","0","0","0","STRATIFIED_10_FOLD_BY_FUNC_LABEL_PROGRAM_LEVEL"
"DEG_TO_DIR","Calculations","fold_4","4","4","0","0","0","0","STRATIFIED_10_FOLD_BY_FUNC_LABEL_PROGRAM_LEVEL"
"DIR_TO_DEG","Calculations","fold_5","4","4","0","0","0","0","STRATIFIED_10_FOLD_BY_FUNC_LABEL_PROGRAM_LEVEL"
"ENERGY","Calculations","fold_6","4","4","0","0","0","0","STRATIFIED_10_FOLD_BY_FUNC_LABEL_PROGRAM_LEVEL"
"F_TO_C","Calculations","fold_7","4","4","0","0","0","0","STRATIFIED_10_FOLD_BY_FUNC_LABEL_PROGRAM_LEVEL"
"F_TO_OM","Calculations","fold_8","4","4","0","0","0","0","STRATIFIED_10_FOLD_BY_FUNC_LABEL_PROGRAM_LEVEL"
"F_TO_PT","Calculations","fold_9","4","4","0","0","0","0","STRATIFIED_10_FOLD_BY_FUNC_LABEL_PROGRAM_LEVEL"
"GEO_TO_DEG","Calculations","fold_0","4","4","0","0","0","0","STRATIFIED_10_FOLD_BY_FUNC_LABEL_PROGRAM_LEVEL"
"K_TO_C","Calculations","fold_1","4","4","0","0","0","0","STRATIFIED_10_FOLD_BY_FUNC_LABEL_PROGRAM_LEVEL"
"KMH_TO_MS","Calculations","fold_2","4","4","0","0","0","0","STRATIFIED_10_FOLD_BY_FUNC_LABEL_PROGRAM_LEVEL"
"MS_TO_BFT","Calculations","fold_3","4","4","0","0","0","0","STRATIFIED_10_FOLD_BY_FUNC_LABEL_PROGRAM_LEVEL"
"MS_TO_KMH","Calculations","fold_4","4","4","0","0","0","0","STRATIFIED_10_FOLD_BY_FUNC_LABEL_PROGRAM_LEVEL"
"OM_TO_F","Calculations","fold_5","4","4","0","0","0","0","STRATIFIED_10_FOLD_BY_FUNC_LABEL_PROGRAM_LEVEL"
"PRESSURE","Calculations","fold_6","4","4","0","0","0","0","STRATIFIED_10_FOLD_BY_FUNC_LABEL_PROGRAM_LEVEL"
"PT_TO_F","Calculations","fold_7","4","4","0","0","0","0","STRATIFIED_10_FOLD_BY_FUNC_LABEL_PROGRAM_LEVEL"
"SPEED","Calculations","fold_8","4","4","0","0","0","0","STRATIFIED_10_FOLD_BY_FUNC_LABEL_PROGRAM_LEVEL"
"TEMPERATURE","Calculations","fold_9","4","4","0","0","0","0","STRATIFIED_10_FOLD_BY_FUNC_LABEL_PROGRAM_LEVEL"
"CABS","Complex_Math","fold_0","4","4","0","0","0","0","STRATIFIED_10_FOLD_BY_FUNC_LABEL_PROGRAM_LEVEL"
"CACOS","Complex_Math","fold_1","4","4","0","0","0","0","STRATIFIED_10_FOLD_BY_FUNC_LABEL_PROGRAM_LEVEL"
"CACOSH","Complex_Math","fold_2","4","4","0","0","0","0","STRATIFIED_10_FOLD_BY_FUNC_LABEL_PROGRAM_LEVEL"
"CADD","Complex_Math","fold_3","4","4","0","0","0","0","STRATIFIED_10_FOLD_BY_FUNC_LABEL_PROGRAM_LEVEL"
"CARG","Complex_Math","fold_4","4","4","0","0","0","0","STRATIFIED_10_FOLD_BY_FUNC_LABEL_PROGRAM_LEVEL"
"CASIN","Complex_Math","fold_5","4","4","0","0","0","0","STRATIFIED_10_FOLD_BY_FUNC_LABEL_PROGRAM_LEVEL"
"CASINH","Complex_Math","fold_6","4","4","0","0","0","0","STRATIFIED_10_FOLD_BY_FUNC_LABEL_PROGRAM_LEVEL"
"CATAN","Complex_Math","fold_7","4","4","0","0","0","0","STRATIFIED_10_FOLD_BY_FUNC_LABEL_PROGRAM_LEVEL"
"CATANH","Complex_Math","fold_8","4","4","0","0","0","0","STRATIFIED_10_FOLD_BY_FUNC_LABEL_PROGRAM_LEVEL"
"CCON","Complex_Math","fold_9","4","4","0","0","0","0","STRATIFIED_10_FOLD_BY_FUNC_LABEL_PROGRAM_LEVEL"
"CCOS","Complex_Math","fold_0","4","4","0","0","0","0","STRATIFIED_10_FOLD_BY_FUNC_LABEL_PROGRAM_LEVEL"
"CCOSH","Complex_Math","fold_1","4","4","0","0","0","0","STRATIFIED_10_FOLD_BY_FUNC_LABEL_PROGRAM_LEVEL"
"CDIV","Complex_Math","fold_2","4","4","0","0","0","0","STRATIFIED_10_FOLD_BY_FUNC_LABEL_PROGRAM_LEVEL"
"CEXP","Complex_Math","fold_3","4","4","0","0","0","0","STRATIFIED_10_FOLD_BY_FUNC_LABEL_PROGRAM_LEVEL"
"CINV","Complex_Math","fold_4","4","4","0","0","0","0","STRATIFIED_10_FOLD_BY_FUNC_LABEL_PROGRAM_LEVEL"
"CLOG","Complex_Math","fold_5","4","4","0","0","0","0","STRATIFIED_10_FOLD_BY_FUNC_LABEL_PROGRAM_LEVEL"
"CMUL","Complex_Math","fold_6","4","4","0","0","0","0","STRATIFIED_10_FOLD_BY_FUNC_LABEL_PROGRAM_LEVEL"
"CPOL","Complex_Math","fold_7","4","4","0","0","0","0","STRATIFIED_10_FOLD_BY_FUNC_LABEL_PROGRAM_LEVEL"
"CPOW","Complex_Math","fold_8","4","4","0","0","0","0","STRATIFIED_10_FOLD_BY_FUNC_LABEL_PROGRAM_LEVEL"
"CSET","Complex_Math","fold_9","4","4","0","0","0","0","STRATIFIED_10_FOLD_BY_FUNC_LABEL_PROGRAM_LEVEL"
"CSIN","Complex_Math","fold_0","4","4","0","0","0","0","STRATIFIED_10_FOLD_BY_FUNC_LABEL_PROGRAM_LEVEL"
"CSINH","Complex_Math","fold_1","4","4","0","0","0","0","STRATIFIED_10_FOLD_BY_FUNC_LABEL_PROGRAM_LEVEL"
"CSQRT","Complex_Math","fold_2","4","4","0","0","0","0","STRATIFIED_10_FOLD_BY_FUNC_LABEL_PROGRAM_LEVEL"
"CSUB","Complex_Math","fold_3","4","4","0","0","0","0","STRATIFIED_10_FOLD_BY_FUNC_LABEL_PROGRAM_LEVEL"
"CTAN","Complex_Math","fold_4","4","4","0","0","0","0","STRATIFIED_10_FOLD_BY_FUNC_LABEL_PROGRAM_LEVEL"
"CTANH","Complex_Math","fold_5","4","4","0","0","0","0","STRATIFIED_10_FOLD_BY_FUNC_LABEL_PROGRAM_LEVEL"
"BAND_B","Ctrl_Mods","fold_0","4","4","0","0","0","0","STRATIFIED_10_FOLD_BY_FUNC_LABEL_PROGRAM_LEVEL"
"CONTROL_SET1","Ctrl_Mods","fold_1","4","4","0","0","0","0","STRATIFIED_10_FOLD_BY_FUNC_LABEL_PROGRAM_LEVEL"
"CONTROL_SET2","Ctrl_Mods","fold_2","4","4","0","0","0","0","STRATIFIED_10_FOLD_BY_FUNC_LABEL_PROGRAM_LEVEL"
"CTRL_IN","Ctrl_Mods","fold_3","4","4","0","0","0","0","STRATIFIED_10_FOLD_BY_FUNC_LABEL_PROGRAM_LEVEL"
"CTRL_OUT","Ctrl_Mods","fold_4","4","4","0","0","0","0","STRATIFIED_10_FOLD_BY_FUNC_LABEL_PROGRAM_LEVEL"
"CTRL_PI","Ctrl_Mods","fold_5","4","4","0","0","0","0","STRATIFIED_10_FOLD_BY_FUNC_LABEL_PROGRAM_LEVEL"
"CTRL_PID","Ctrl_Mods","fold_6","4","4","0","0","0","0","STRATIFIED_10_FOLD_BY_FUNC_LABEL_PROGRAM_LEVEL"
"CTRL_PWM","Ctrl_Mods","fold_7","4","4","0","0","0","0","STRATIFIED_10_FOLD_BY_FUNC_LABEL_PROGRAM_LEVEL"
"DEAD_BAND","Ctrl_Mods","fold_8","4","4","0","0","0","0","STRATIFIED_10_FOLD_BY_FUNC_LABEL_PROGRAM_LEVEL"
"DEAD_BAND_A","Ctrl_Mods","fold_9","4","4","0","0","0","0","STRATIFIED_10_FOLD_BY_FUNC_LABEL_PROGRAM_LEVEL"
"DEAD_ZONE","Ctrl_Mods","fold_0","4","4","0","0","0","0","STRATIFIED_10_FOLD_BY_FUNC_LABEL_PROGRAM_LEVEL"
"DEAD_ZONE2","Ctrl_Mods","fold_1","4","4","0","0","0","0","STRATIFIED_10_FOLD_BY_FUNC_LABEL_PROGRAM_LEVEL"
"FT_DERIV","Ctrl_Mods","fold_2","4","4","0","0","0","0","STRATIFIED_10_FOLD_BY_FUNC_LABEL_PROGRAM_LEVEL"
"FT_IMP","Ctrl_Mods","fold_3","4","4","0","0","0","0","STRATIFIED_10_FOLD_BY_FUNC_LABEL_PROGRAM_LEVEL"
"FT_INT","Ctrl_Mods","fold_4","3","3","0","0","0","0","STRATIFIED_10_FOLD_BY_FUNC_LABEL_PROGRAM_LEVEL"
"FT_INT2","Ctrl_Mods","fold_5","2","2","0","0","0","0","STRATIFIED_10_FOLD_BY_FUNC_LABEL_PROGRAM_LEVEL"
"FT_PD","Ctrl_Mods","fold_6","4","4","0","0","0","0","STRATIFIED_10_FOLD_BY_FUNC_LABEL_PROGRAM_LEVEL"
"FT_PDT1","Ctrl_Mods","fold_7","4","4","0","0","0","0","STRATIFIED_10_FOLD_BY_FUNC_LABEL_PROGRAM_LEVEL"
"FT_PI","Ctrl_Mods","fold_8","3","3","0","0","0","0","STRATIFIED_10_FOLD_BY_FUNC_LABEL_PROGRAM_LEVEL"
"FT_PID","Ctrl_Mods","fold_9","3","3","0","0","0","0","STRATIFIED_10_FOLD_BY_FUNC_LABEL_PROGRAM_LEVEL"
"FT_PIDW","Ctrl_Mods","fold_0","3","3","0","0","0","0","STRATIFIED_10_FOLD_BY_FUNC_LABEL_PROGRAM_LEVEL"
"FT_PIDWL","Ctrl_Mods","fold_1","4","4","0","0","0","0","STRATIFIED_10_FOLD_BY_FUNC_LABEL_PROGRAM_LEVEL"
"FT_PIW","Ctrl_Mods","fold_2","3","3","0","0","0","0","STRATIFIED_10_FOLD_BY_FUNC_LABEL_PROGRAM_LEVEL"
"FT_PIWL","Ctrl_Mods","fold_3","4","4","0","0","0","0","STRATIFIED_10_FOLD_BY_FUNC_LABEL_PROGRAM_LEVEL"
"FT_PT1","Ctrl_Mods","fold_4","4","4","0","0","0","0","STRATIFIED_10_FOLD_BY_FUNC_LABEL_PROGRAM_LEVEL"
"FT_PT2","Ctrl_Mods","fold_5","3","3","0","0","0","0","STRATIFIED_10_FOLD_BY_FUNC_LABEL_PROGRAM_LEVEL"
"FT_TN16","Ctrl_Mods","fold_6","4","4","0","0","0","0","STRATIFIED_10_FOLD_BY_FUNC_LABEL_PROGRAM_LEVEL"
"FT_TN64","Ctrl_Mods","fold_7","4","4","0","0","0","0","STRATIFIED_10_FOLD_BY_FUNC_LABEL_PROGRAM_LEVEL"
"FT_TN8","Ctrl_Mods","fold_8","4","4","0","0","0","0","STRATIFIED_10_FOLD_BY_FUNC_LABEL_PROGRAM_LEVEL"
"HYST","Ctrl_Mods","fold_9","4","4","0","0","0","0","STRATIFIED_10_FOLD_BY_FUNC_LABEL_PROGRAM_LEVEL"
"HYST_1","Ctrl_Mods","fold_0","4","4","0","0","0","0","STRATIFIED_10_FOLD_BY_FUNC_LABEL_PROGRAM_LEVEL"
"HYST_2","Ctrl_Mods","fold_1","4","4","0","0","0","0","STRATIFIED_10_FOLD_BY_FUNC_LABEL_PROGRAM_LEVEL"
"HYST_3","Ctrl_Mods","fold_2","4","4","0","0","0","0","STRATIFIED_10_FOLD_BY_FUNC_LABEL_PROGRAM_LEVEL"
"INTEGRATE","Ctrl_Mods","fold_3","3","3","0","0","0","0","STRATIFIED_10_FOLD_BY_FUNC_LABEL_PROGRAM_LEVEL"
"COUNT_BR","Latches_FlipFlop_ShiftReg","fold_0","4","4","0","0","0","0","STRATIFIED_10_FOLD_BY_FUNC_LABEL_PROGRAM_LEVEL"
"COUNT_DR","Latches_FlipFlop_ShiftReg","fold_1","4","4","0","0","0","0","STRATIFIED_10_FOLD_BY_FUNC_LABEL_PROGRAM_LEVEL"
"FF_D2E","Latches_FlipFlop_ShiftReg","fold_2","4","4","0","0","0","0","STRATIFIED_10_FOLD_BY_FUNC_LABEL_PROGRAM_LEVEL"
"FF_D4E","Latches_FlipFlop_ShiftReg","fold_3","4","4","0","0","0","0","STRATIFIED_10_FOLD_BY_FUNC_LABEL_PROGRAM_LEVEL"
"FF_DRE","Latches_FlipFlop_ShiftReg","fold_4","4","4","0","0","0","0","STRATIFIED_10_FOLD_BY_FUNC_LABEL_PROGRAM_LEVEL"
"FF_JKE","Latches_FlipFlop_ShiftReg","fold_5","4","4","0","0","0","0","STRATIFIED_10_FOLD_BY_FUNC_LABEL_PROGRAM_LEVEL"
"FF_RSE","Latches_FlipFlop_ShiftReg","fold_6","4","4","0","0","0","0","STRATIFIED_10_FOLD_BY_FUNC_LABEL_PROGRAM_LEVEL"
"LTCH","Latches_FlipFlop_ShiftReg","fold_7","4","4","0","0","0","0","STRATIFIED_10_FOLD_BY_FUNC_LABEL_PROGRAM_LEVEL"
"LTCH_4","Latches_FlipFlop_ShiftReg","fold_8","4","4","0","0","0","0","STRATIFIED_10_FOLD_BY_FUNC_LABEL_PROGRAM_LEVEL"
"SELECT_8","Latches_FlipFlop_ShiftReg","fold_9","4","4","0","0","0","0","STRATIFIED_10_FOLD_BY_FUNC_LABEL_PROGRAM_LEVEL"
"SHR_4E","Latches_FlipFlop_ShiftReg","fold_0","4","4","0","0","0","0","STRATIFIED_10_FOLD_BY_FUNC_LABEL_PROGRAM_LEVEL"
"SHR_4UDE","Latches_FlipFlop_ShiftReg","fold_1","4","4","0","0","0","0","STRATIFIED_10_FOLD_BY_FUNC_LABEL_PROGRAM_LEVEL"
"SHR_8PLE","Latches_FlipFlop_ShiftReg","fold_2","4","4","0","0","0","0","STRATIFIED_10_FOLD_BY_FUNC_LABEL_PROGRAM_LEVEL"
"SHR_8UDE","Latches_FlipFlop_ShiftReg","fold_3","4","4","0","0","0","0","STRATIFIED_10_FOLD_BY_FUNC_LABEL_PROGRAM_LEVEL"
"STORE_8","Latches_FlipFlop_ShiftReg","fold_4","4","4","0","0","0","0","STRATIFIED_10_FOLD_BY_FUNC_LABEL_PROGRAM_LEVEL"
"TOGGLE","Latches_FlipFlop_ShiftReg","fold_5","4","4","0","0","0","0","STRATIFIED_10_FOLD_BY_FUNC_LABEL_PROGRAM_LEVEL"
"_BYTE_TO_DINT","Logic_Mods","fold_0","3","3","0","0","0","0","STRATIFIED_10_FOLD_BY_FUNC_LABEL_PROGRAM_LEVEL"
"_BYTE_TO_INT","Logic_Mods","fold_1","3","3","0","0","0","0","STRATIFIED_10_FOLD_BY_FUNC_LABEL_PROGRAM_LEVEL"
"_BYTE_TO_REAL","Logic_Mods","fold_2","3","3","0","0","0","0","STRATIFIED_10_FOLD_BY_FUNC_LABEL_PROGRAM_LEVEL"
"_DWORD_TO_REAL","Logic_Mods","fold_3","3","3","0","0","0","0","STRATIFIED_10_FOLD_BY_FUNC_LABEL_PROGRAM_LEVEL"
"_INT_TO_UDINT","Logic_Mods","fold_4","3","3","0","0","0","0","STRATIFIED_10_FOLD_BY_FUNC_LABEL_PROGRAM_LEVEL"
"_REAL_TO_DINT","Logic_Mods","fold_5","3","3","0","0","0","0","STRATIFIED_10_FOLD_BY_FUNC_LABEL_PROGRAM_LEVEL"
"_REAL_TO_DWORD","Logic_Mods","fold_6","3","3","0","0","0","0","STRATIFIED_10_FOLD_BY_FUNC_LABEL_PROGRAM_LEVEL"
"_REAL_TO_UDINT","Logic_Mods","fold_7","3","3","0","0","0","0","STRATIFIED_10_FOLD_BY_FUNC_LABEL_PROGRAM_LEVEL"
"_WORD_TO_DINT","Logic_Mods","fold_8","3","3","0","0","0","0","STRATIFIED_10_FOLD_BY_FUNC_LABEL_PROGRAM_LEVEL"
"_WORD_TO_REAL","Logic_Mods","fold_9","3","3","0","0","0","0","STRATIFIED_10_FOLD_BY_FUNC_LABEL_PROGRAM_LEVEL"
"BCDC_TO_INT","Logic_Mods","fold_0","4","4","0","0","0","0","STRATIFIED_10_FOLD_BY_FUNC_LABEL_PROGRAM_LEVEL"
"BIT_COUNT","Logic_Mods","fold_1","4","4","0","0","0","0","STRATIFIED_10_FOLD_BY_FUNC_LABEL_PROGRAM_LEVEL"
"BIT_LOAD_B","Logic_Mods","fold_2","4","4","0","0","0","0","STRATIFIED_10_FOLD_BY_FUNC_LABEL_PROGRAM_LEVEL"
"BIT_LOAD_B2","Logic_Mods","fold_3","4","4","0","0","0","0","STRATIFIED_10_FOLD_BY_FUNC_LABEL_PROGRAM_LEVEL"
"BIT_LOAD_DW","Logic_Mods","fold_4","4","4","0","0","0","0","STRATIFIED_10_FOLD_BY_FUNC_LABEL_PROGRAM_LEVEL"
"BIT_LOAD_DW2","Logic_Mods","fold_5","4","4","0","0","0","0","STRATIFIED_10_FOLD_BY_FUNC_LABEL_PROGRAM_LEVEL"
"BIT_LOAD_W","Logic_Mods","fold_6","4","4","0","0","0","0","STRATIFIED_10_FOLD_BY_FUNC_LABEL_PROGRAM_LEVEL"
"BIT_LOAD_W2","Logic_Mods","fold_7","4","4","0","0","0","0","STRATIFIED_10_FOLD_BY_FUNC_LABEL_PROGRAM_LEVEL"
"BIT_OF_DWORD","Logic_Mods","fold_8","4","4","0","0","0","0","STRATIFIED_10_FOLD_BY_FUNC_LABEL_PROGRAM_LEVEL"
"BIT_TOGGLE_B","Logic_Mods","fold_9","4","4","0","0","0","0","STRATIFIED_10_FOLD_BY_FUNC_LABEL_PROGRAM_LEVEL"
"BIT_TOGGLE_DW","Logic_Mods","fold_0","4","4","0","0","0","0","STRATIFIED_10_FOLD_BY_FUNC_LABEL_PROGRAM_LEVEL"
"BIT_TOGGLE_W","Logic_Mods","fold_1","4","4","0","0","0","0","STRATIFIED_10_FOLD_BY_FUNC_LABEL_PROGRAM_LEVEL"
"BYTE_OF_BIT","Logic_Mods","fold_2","4","4","0","0","0","0","STRATIFIED_10_FOLD_BY_FUNC_LABEL_PROGRAM_LEVEL"
"BYTE_OF_DWORD","Logic_Mods","fold_3","4","4","0","0","0","0","STRATIFIED_10_FOLD_BY_FUNC_LABEL_PROGRAM_LEVEL"
"BYTE_TO_BITS","Logic_Mods","fold_4","4","4","0","0","0","0","STRATIFIED_10_FOLD_BY_FUNC_LABEL_PROGRAM_LEVEL"
"BYTE_TO_GRAY","Logic_Mods","fold_5","4","4","0","0","0","0","STRATIFIED_10_FOLD_BY_FUNC_LABEL_PROGRAM_LEVEL"
"BYTE_TO_TIME","Logic_Mods","fold_6","3","3","0","0","0","0","STRATIFIED_10_FOLD_BY_FUNC_LABEL_PROGRAM_LEVEL"
"CHECK_PARITY","Logic_Mods","fold_7","4","4","0","0","0","0","STRATIFIED_10_FOLD_BY_FUNC_LABEL_PROGRAM_LEVEL"
"CRC_GEN","Logic_Mods","fold_8","4","4","0","0","0","0","STRATIFIED_10_FOLD_BY_FUNC_LABEL_PROGRAM_LEVEL"
"DEC_2","Logic_Mods","fold_9","4","4","0","0","0","0","STRATIFIED_10_FOLD_BY_FUNC_LABEL_PROGRAM_LEVEL"
"DEC_4","Logic_Mods","fold_0","4","4","0","0","0","0","STRATIFIED_10_FOLD_BY_FUNC_LABEL_PROGRAM_LEVEL"
"DEC_8","Logic_Mods","fold_1","4","4","0","0","0","0","STRATIFIED_10_FOLD_BY_FUNC_LABEL_PROGRAM_LEVEL"
"DWORD_OF_BYTE","Logic_Mods","fold_2","4","4","0","0","0","0","STRATIFIED_10_FOLD_BY_FUNC_LABEL_PROGRAM_LEVEL"
"DWORD_OF_WORD","Logic_Mods","fold_3","4","4","0","0","0","0","STRATIFIED_10_FOLD_BY_FUNC_LABEL_PROGRAM_LEVEL"
"GRAY_TO_BYTE","Logic_Mods","fold_4","4","4","0","0","0","0","STRATIFIED_10_FOLD_BY_FUNC_LABEL_PROGRAM_LEVEL"
"INT_TO_BCDC","Logic_Mods","fold_5","4","4","0","0","0","0","STRATIFIED_10_FOLD_BY_FUNC_LABEL_PROGRAM_LEVEL"
"MATRIX","Logic_Mods","fold_6","4","4","0","0","0","0","STRATIFIED_10_FOLD_BY_FUNC_LABEL_PROGRAM_LEVEL"
"MUX_2","Logic_Mods","fold_7","4","4","0","0","0","0","STRATIFIED_10_FOLD_BY_FUNC_LABEL_PROGRAM_LEVEL"
"MUX_4","Logic_Mods","fold_8","4","4","0","0","0","0","STRATIFIED_10_FOLD_BY_FUNC_LABEL_PROGRAM_LEVEL"
"PARITY","Logic_Mods","fold_9","4","4","0","0","0","0","STRATIFIED_10_FOLD_BY_FUNC_LABEL_PROGRAM_LEVEL"
"REFLECT","Logic_Mods","fold_0","4","4","0","0","0","0","STRATIFIED_10_FOLD_BY_FUNC_LABEL_PROGRAM_LEVEL"
"REVERSE","Logic_Mods","fold_1","4","4","0","0","0","0","STRATIFIED_10_FOLD_BY_FUNC_LABEL_PROGRAM_LEVEL"
"SHL1","Logic_Mods","fold_2","4","4","0","0","0","0","STRATIFIED_10_FOLD_BY_FUNC_LABEL_PROGRAM_LEVEL"
"SHR1","Logic_Mods","fold_3","4","4","0","0","0","0","STRATIFIED_10_FOLD_BY_FUNC_LABEL_PROGRAM_LEVEL"
"SWAP_BYTE","Logic_Mods","fold_4","4","4","0","0","0","0","STRATIFIED_10_FOLD_BY_FUNC_LABEL_PROGRAM_LEVEL"
"SWAP_BYTE2","Logic_Mods","fold_5","4","4","0","0","0","0","STRATIFIED_10_FOLD_BY_FUNC_LABEL_PROGRAM_LEVEL"
"TOD_TO_REAL","Logic_Mods","fold_6","3","3","0","0","0","0","STRATIFIED_10_FOLD_BY_FUNC_LABEL_PROGRAM_LEVEL"
"WORD_OF_BYTE","Logic_Mods","fold_7","4","4","0","0","0","0","STRATIFIED_10_FOLD_BY_FUNC_LABEL_PROGRAM_LEVEL"
"WORD_OF_DWORD","Logic_Mods","fold_8","4","4","0","0","0","0","STRATIFIED_10_FOLD_BY_FUNC_LABEL_PROGRAM_LEVEL"
"_MOD_INT","Mathematics","fold_0","3","3","0","0","0","0","STRATIFIED_10_FOLD_BY_FUNC_LABEL_PROGRAM_LEVEL"
"ACOSH","Mathematics","fold_1","4","4","0","0","0","0","STRATIFIED_10_FOLD_BY_FUNC_LABEL_PROGRAM_LEVEL"
"ACOTH","Mathematics","fold_2","4","4","0","0","0","0","STRATIFIED_10_FOLD_BY_FUNC_LABEL_PROGRAM_LEVEL"
"AGDF","Mathematics","fold_3","4","4","0","0","0","0","STRATIFIED_10_FOLD_BY_FUNC_LABEL_PROGRAM_LEVEL"
"ASINH","Mathematics","fold_4","4","4","0","0","0","0","STRATIFIED_10_FOLD_BY_FUNC_LABEL_PROGRAM_LEVEL"
"ATAN2","Mathematics","fold_5","4","4","0","0","0","0","STRATIFIED_10_FOLD_BY_FUNC_LABEL_PROGRAM_LEVEL"
"ATANH","Mathematics","fold_6","4","4","0","0","0","0","STRATIFIED_10_FOLD_BY_FUNC_LABEL_PROGRAM_LEVEL"
"BETA","Mathematics","fold_7","4","4","0","0","0","0","STRATIFIED_10_FOLD_BY_FUNC_LABEL_PROGRAM_LEVEL"
"BINOM","Mathematics","fold_8","4","4","0","0","0","0","STRATIFIED_10_FOLD_BY_FUNC_LABEL_PROGRAM_LEVEL"
"CAUCHY","Mathematics","fold_9","4","4","0","0","0","0","STRATIFIED_10_FOLD_BY_FUNC_LABEL_PROGRAM_LEVEL"
"CAUCHYCD","Mathematics","fold_0","4","4","0","0","0","0","STRATIFIED_10_FOLD_BY_FUNC_LABEL_PROGRAM_LEVEL"
"CEIL","Mathematics","fold_1","4","4","0","0","0","0","STRATIFIED_10_FOLD_BY_FUNC_LABEL_PROGRAM_LEVEL"
"CEIL2","Mathematics","fold_2","4","4","0","0","0","0","STRATIFIED_10_FOLD_BY_FUNC_LABEL_PROGRAM_LEVEL"
"CMP","Mathematics","fold_3","4","4","0","0","0","0","STRATIFIED_10_FOLD_BY_FUNC_LABEL_PROGRAM_LEVEL"
"COSH","Mathematics","fold_4","4","4","0","0","0","0","STRATIFIED_10_FOLD_BY_FUNC_LABEL_PROGRAM_LEVEL"
"COTH","Mathematics","fold_5","4","4","0","0","0","0","STRATIFIED_10_FOLD_BY_FUNC_LABEL_PROGRAM_LEVEL"
"D_TRUNC","Mathematics","fold_6","4","4","0","0","0","0","STRATIFIED_10_FOLD_BY_FUNC_LABEL_PROGRAM_LEVEL"
"DEG","Mathematics","fold_7","4","4","0","0","0","0","STRATIFIED_10_FOLD_BY_FUNC_LABEL_PROGRAM_LEVEL"
"DIFFER","Mathematics","fold_8","4","4","0","0","0","0","STRATIFIED_10_FOLD_BY_FUNC_LABEL_PROGRAM_LEVEL"
"ERF","Mathematics","fold_9","4","4","0","0","0","0","STRATIFIED_10_FOLD_BY_FUNC_LABEL_PROGRAM_LEVEL"
"ERFC","Mathematics","fold_0","4","4","0","0","0","0","STRATIFIED_10_FOLD_BY_FUNC_LABEL_PROGRAM_LEVEL"
"EVEN","Mathematics","fold_1","4","4","0","0","0","0","STRATIFIED_10_FOLD_BY_FUNC_LABEL_PROGRAM_LEVEL"
"EXP10","Mathematics","fold_2","4","4","0","0","0","0","STRATIFIED_10_FOLD_BY_FUNC_LABEL_PROGRAM_LEVEL"
"EXPN","Mathematics","fold_3","4","4","0","0","0","0","STRATIFIED_10_FOLD_BY_FUNC_LABEL_PROGRAM_LEVEL"
"FACT","Mathematics","fold_4","4","4","0","0","0","0","STRATIFIED_10_FOLD_BY_FUNC_LABEL_PROGRAM_LEVEL"
"FIB","Mathematics","fold_5","4","4","0","0","0","0","STRATIFIED_10_FOLD_BY_FUNC_LABEL_PROGRAM_LEVEL"
"FLOOR","Mathematics","fold_6","4","4","0","0","0","0","STRATIFIED_10_FOLD_BY_FUNC_LABEL_PROGRAM_LEVEL"
"FLOOR2","Mathematics","fold_7","4","4","0","0","0","0","STRATIFIED_10_FOLD_BY_FUNC_LABEL_PROGRAM_LEVEL"
"FRACT","Mathematics","fold_8","4","4","0","0","0","0","STRATIFIED_10_FOLD_BY_FUNC_LABEL_PROGRAM_LEVEL"
"GAMMA","Mathematics","fold_9","4","4","0","0","0","0","STRATIFIED_10_FOLD_BY_FUNC_LABEL_PROGRAM_LEVEL"
"GAUSS","Mathematics","fold_0","4","4","0","0","0","0","STRATIFIED_10_FOLD_BY_FUNC_LABEL_PROGRAM_LEVEL"
"GAUSSCD","Mathematics","fold_1","4","4","0","0","0","0","STRATIFIED_10_FOLD_BY_FUNC_LABEL_PROGRAM_LEVEL"
"GCD","Mathematics","fold_2","4","4","0","0","0","0","STRATIFIED_10_FOLD_BY_FUNC_LABEL_PROGRAM_LEVEL"
"GDF","Mathematics","fold_3","4","4","0","0","0","0","STRATIFIED_10_FOLD_BY_FUNC_LABEL_PROGRAM_LEVEL"
"GOLD","Mathematics","fold_4","4","4","0","0","0","0","STRATIFIED_10_FOLD_BY_FUNC_LABEL_PROGRAM_LEVEL"
"HYPOT","Mathematics","fold_5","4","4","0","0","0","0","STRATIFIED_10_FOLD_BY_FUNC_LABEL_PROGRAM_LEVEL"
"INC","Mathematics","fold_6","4","4","0","0","0","0","STRATIFIED_10_FOLD_BY_FUNC_LABEL_PROGRAM_LEVEL"
"INC1","Mathematics","fold_7","4","4","0","0","0","0","STRATIFIED_10_FOLD_BY_FUNC_LABEL_PROGRAM_LEVEL"
"INC2","Mathematics","fold_8","4","4","0","0","0","0","STRATIFIED_10_FOLD_BY_FUNC_LABEL_PROGRAM_LEVEL"
"INV","Mathematics","fold_9","4","4","0","0","0","0","STRATIFIED_10_FOLD_BY_FUNC_LABEL_PROGRAM_LEVEL"
"LAMBERT_W","Mathematics","fold_0","4","4","0","0","0","0","STRATIFIED_10_FOLD_BY_FUNC_LABEL_PROGRAM_LEVEL"
"LANGEVIN","Mathematics","fold_1","4","4","0","0","0","0","STRATIFIED_10_FOLD_BY_FUNC_LABEL_PROGRAM_LEVEL"
"MAX3","Mathematics","fold_2","4","4","0","0","0","0","STRATIFIED_10_FOLD_BY_FUNC_LABEL_PROGRAM_LEVEL"
"MID3","Mathematics","fold_3","4","4","0","0","0","0","STRATIFIED_10_FOLD_BY_FUNC_LABEL_PROGRAM_LEVEL"
"MIN3","Mathematics","fold_4","4","4","0","0","0","0","STRATIFIED_10_FOLD_BY_FUNC_LABEL_PROGRAM_LEVEL"
"MODR","Mathematics","fold_5","4","4","0","0","0","0","STRATIFIED_10_FOLD_BY_FUNC_LABEL_PROGRAM_LEVEL"
"MUL_ADD","Mathematics","fold_6","4","4","0","0","0","0","STRATIFIED_10_FOLD_BY_FUNC_LABEL_PROGRAM_LEVEL"
"NEGX","Mathematics","fold_7","4","4","0","0","0","0","STRATIFIED_10_FOLD_BY_FUNC_LABEL_PROGRAM_LEVEL"
"RAD","Mathematics","fold_8","4","4","0","0","0","0","STRATIFIED_10_FOLD_BY_FUNC_LABEL_PROGRAM_LEVEL"
"RDM","Mathematics","fold_9","4","4","0","0","0","0","STRATIFIED_10_FOLD_BY_FUNC_LABEL_PROGRAM_LEVEL"
"RDM2","Mathematics","fold_0","4","4","0","0","0","0","STRATIFIED_10_FOLD_BY_FUNC_LABEL_PROGRAM_LEVEL"
"RDMDW","Mathematics","fold_1","4","4","0","0","0","0","STRATIFIED_10_FOLD_BY_FUNC_LABEL_PROGRAM_LEVEL"
"REAL_TO_FRAC","Mathematics","fold_2","4","4","0","0","0","0","STRATIFIED_10_FOLD_BY_FUNC_LABEL_PROGRAM_LEVEL"
"RND","Mathematics","fold_3","4","4","0","0","0","0","STRATIFIED_10_FOLD_BY_FUNC_LABEL_PROGRAM_LEVEL"
"ROUND","Mathematics","fold_4","4","4","0","0","0","0","STRATIFIED_10_FOLD_BY_FUNC_LABEL_PROGRAM_LEVEL"
"SGN","Mathematics","fold_5","4","4","0","0","0","0","STRATIFIED_10_FOLD_BY_FUNC_LABEL_PROGRAM_LEVEL"
"SIGMOID","Mathematics","fold_6","4","4","0","0","0","0","STRATIFIED_10_FOLD_BY_FUNC_LABEL_PROGRAM_LEVEL"
"SIGN_I","Mathematics","fold_7","4","4","0","0","0","0","STRATIFIED_10_FOLD_BY_FUNC_LABEL_PROGRAM_LEVEL"
"SIGN_R","Mathematics","fold_8","4","4","0","0","0","0","STRATIFIED_10_FOLD_BY_FUNC_LABEL_PROGRAM_LEVEL"
"SINC","Mathematics","fold_9","4","4","0","0","0","0","STRATIFIED_10_FOLD_BY_FUNC_LABEL_PROGRAM_LEVEL"
"SINH","Mathematics","fold_0","4","4","0","0","0","0","STRATIFIED_10_FOLD_BY_FUNC_LABEL_PROGRAM_LEVEL"
"SQRTN","Mathematics","fold_1","4","4","0","0","0","0","STRATIFIED_10_FOLD_BY_FUNC_LABEL_PROGRAM_LEVEL"
"TANC","Mathematics","fold_2","4","4","0","0","0","0","STRATIFIED_10_FOLD_BY_FUNC_LABEL_PROGRAM_LEVEL"
"TANH","Mathematics","fold_3","4","4","0","0","0","0","STRATIFIED_10_FOLD_BY_FUNC_LABEL_PROGRAM_LEVEL"
"TRUNC_REAL","Mathematics","fold_4","3","3","0","0","0","0","STRATIFIED_10_FOLD_BY_FUNC_LABEL_PROGRAM_LEVEL"
"TRUNC_UDINT","Mathematics","fold_5","3","3","0","0","0","0","STRATIFIED_10_FOLD_BY_FUNC_LABEL_PROGRAM_LEVEL"
"WINDOW","Mathematics","fold_6","4","4","0","0","0","0","STRATIFIED_10_FOLD_BY_FUNC_LABEL_PROGRAM_LEVEL"
"WINDOW2","Mathematics","fold_7","4","4","0","0","0","0","STRATIFIED_10_FOLD_BY_FUNC_LABEL_PROGRAM_LEVEL"
"ALARM_2","Measure_Mods","fold_0","4","4","0","0","0","0","STRATIFIED_10_FOLD_BY_FUNC_LABEL_PROGRAM_LEVEL"
"BAR_GRAPH","Measure_Mods","fold_1","4","4","0","0","0","0","STRATIFIED_10_FOLD_BY_FUNC_LABEL_PROGRAM_LEVEL"
"CALIBRATE","Measure_Mods","fold_2","4","4","0","0","0","0","STRATIFIED_10_FOLD_BY_FUNC_LABEL_PROGRAM_LEVEL"
"CYCLE_TIME","Measure_Mods","fold_3","4","4","0","0","0","0","STRATIFIED_10_FOLD_BY_FUNC_LABEL_PROGRAM_LEVEL"
"DT_SIMU","Measure_Mods","fold_4","4","4","0","0","0","0","STRATIFIED_10_FOLD_BY_FUNC_LABEL_PROGRAM_LEVEL"
"FLOW_METER","Measure_Mods","fold_5","3","3","0","0","0","0","STRATIFIED_10_FOLD_BY_FUNC_LABEL_PROGRAM_LEVEL"
"LENGTH","Measure_Mods","fold_6","4","4","0","0","0","0","STRATIFIED_10_FOLD_BY_FUNC_LABEL_PROGRAM_LEVEL"
"M_D","Measure_Mods","fold_7","4","4","0","0","0","0","STRATIFIED_10_FOLD_BY_FUNC_LABEL_PROGRAM_LEVEL"
"M_T","Measure_Mods","fold_8","4","4","0","0","0","0","STRATIFIED_10_FOLD_BY_FUNC_LABEL_PROGRAM_LEVEL"
"M_TX","Measure_Mods","fold_9","4","4","0","0","0","0","STRATIFIED_10_FOLD_BY_FUNC_LABEL_PROGRAM_LEVEL"
"MAX_TIME","Measure_Mods","fold_0","3","3","0","0","0","0","STRATIFIED_10_FOLD_BY_FUNC_LABEL_PROGRAM_LEVEL"
"METER","Measure_Mods","fold_1","3","3","0","0","0","0","STRATIFIED_10_FOLD_BY_FUNC_LABEL_PROGRAM_LEVEL"
"METER_STAT","Measure_Mods","fold_2","3","3","0","0","0","0","STRATIFIED_10_FOLD_BY_FUNC_LABEL_PROGRAM_LEVEL"
"ONTIME","Measure_Mods","fold_3","4","4","0","0","0","0","STRATIFIED_10_FOLD_BY_FUNC_LABEL_PROGRAM_LEVEL"
"T_PLC_MS","Measure_Mods","fold_4","4","4","0","0","0","0","STRATIFIED_10_FOLD_BY_FUNC_LABEL_PROGRAM_LEVEL"
"T_PLC_US","Measure_Mods","fold_5","4","4","0","0","0","0","STRATIFIED_10_FOLD_BY_FUNC_LABEL_PROGRAM_LEVEL"
"TC_MS","Measure_Mods","fold_6","4","4","0","0","0","0","STRATIFIED_10_FOLD_BY_FUNC_LABEL_PROGRAM_LEVEL"
"TC_S","Measure_Mods","fold_7","4","4","0","0","0","0","STRATIFIED_10_FOLD_BY_FUNC_LABEL_PROGRAM_LEVEL"
"TC_US","Measure_Mods","fold_8","4","4","0","0","0","0","STRATIFIED_10_FOLD_BY_FUNC_LABEL_PROGRAM_LEVEL"
"BIN_TO_BYTE","NA","fold_0","1","1","0","0","0","0","STRATIFIED_10_FOLD_BY_FUNC_LABEL_PROGRAM_LEVEL"
"BUFFER_SEARCH","NA","fold_1","1","1","0","0","0","0","STRATIFIED_10_FOLD_BY_FUNC_LABEL_PROGRAM_LEVEL"
"BUFFER_TO_STRING","NA","fold_2","1","1","0","0","0","0","STRATIFIED_10_FOLD_BY_FUNC_LABEL_PROGRAM_LEVEL"
"CAPITALIZE","NA","fold_3","1","1","0","0","0","0","STRATIFIED_10_FOLD_BY_FUNC_LABEL_PROGRAM_LEVEL"
"CHARCODE","NA","fold_4","1","1","0","0","0","0","STRATIFIED_10_FOLD_BY_FUNC_LABEL_PROGRAM_LEVEL"
"CODE","NA","fold_5","1","1","0","0","0","0","STRATIFIED_10_FOLD_BY_FUNC_LABEL_PROGRAM_LEVEL"
"COUNT_CHAR","NA","fold_6","1","1","0","0","0","0","STRATIFIED_10_FOLD_BY_FUNC_LABEL_PROGRAM_LEVEL"
"DEC_TO_BYTE","NA","fold_7","1","1","0","0","0","0","STRATIFIED_10_FOLD_BY_FUNC_LABEL_PROGRAM_LEVEL"
"DEC_TO_DWORD","NA","fold_8","1","1","0","0","0","0","STRATIFIED_10_FOLD_BY_FUNC_LABEL_PROGRAM_LEVEL"
"DEC_TO_INT","NA","fold_9","1","1","0","0","0","0","STRATIFIED_10_FOLD_BY_FUNC_LABEL_PROGRAM_LEVEL"
"DT_TO_STRF","NA","fold_0","1","1","0","0","0","0","STRATIFIED_10_FOLD_BY_FUNC_LABEL_PROGRAM_LEVEL"
"DW_TO_REAL","NA","fold_1","1","1","0","0","0","0","STRATIFIED_10_FOLD_BY_FUNC_LABEL_PROGRAM_LEVEL"
"ESR_MON_R4","NA","fold_2","1","1","0","0","0","0","STRATIFIED_10_FOLD_BY_FUNC_LABEL_PROGRAM_LEVEL"
"EXEC","NA","fold_3","1","1","0","0","0","0","STRATIFIED_10_FOLD_BY_FUNC_LABEL_PROGRAM_LEVEL"
"FINDB_NONUM","NA","fold_4","1","1","0","0","0","0","STRATIFIED_10_FOLD_BY_FUNC_LABEL_PROGRAM_LEVEL"
"FLOAT_TO_REAL","NA","fold_5","1","1","0","0","0","0","STRATIFIED_10_FOLD_BY_FUNC_LABEL_PROGRAM_LEVEL"
"HEX_TO_BYTE","NA","fold_6","1","1","0","0","0","0","STRATIFIED_10_FOLD_BY_FUNC_LABEL_PROGRAM_LEVEL"
"HEX_TO_DWORD","NA","fold_7","1","1","0","0","0","0","STRATIFIED_10_FOLD_BY_FUNC_LABEL_PROGRAM_LEVEL"
"IS_LOWER","NA","fold_8","1","1","0","0","0","0","STRATIFIED_10_FOLD_BY_FUNC_LABEL_PROGRAM_LEVEL"
"IS_NUM","NA","fold_9","1","1","0","0","0","0","STRATIFIED_10_FOLD_BY_FUNC_LABEL_PROGRAM_LEVEL"
"IS_UPPER","NA","fold_0","1","1","0","0","0","0","STRATIFIED_10_FOLD_BY_FUNC_LABEL_PROGRAM_LEVEL"
"LOWERCASE","NA","fold_1","1","1","0","0","0","0","STRATIFIED_10_FOLD_BY_FUNC_LABEL_PROGRAM_LEVEL"
"OCT_TO_BYTE","NA","fold_2","1","1","0","0","0","0","STRATIFIED_10_FOLD_BY_FUNC_LABEL_PROGRAM_LEVEL"
"OCT_TO_DWORD","NA","fold_3","1","1","0","0","0","0","STRATIFIED_10_FOLD_BY_FUNC_LABEL_PROGRAM_LEVEL"
"PIN_CODE","NA","fold_4","1","1","0","0","0","0","STRATIFIED_10_FOLD_BY_FUNC_LABEL_PROGRAM_LEVEL"
"REAL_TO_DW","NA","fold_5","1","1","0","0","0","0","STRATIFIED_10_FOLD_BY_FUNC_LABEL_PROGRAM_LEVEL"
"REPLACE_UML","NA","fold_6","1","1","0","0","0","0","STRATIFIED_10_FOLD_BY_FUNC_LABEL_PROGRAM_LEVEL"
"TRIME","NA","fold_7","1","1","0","0","0","0","STRATIFIED_10_FOLD_BY_FUNC_LABEL_PROGRAM_LEVEL"
"UPPERCASE","NA","fold_8","1","1","0","0","0","0","STRATIFIED_10_FOLD_BY_FUNC_LABEL_PROGRAM_LEVEL"
"BASE64_DECODE_STREAM","Network_Communication","fold_0","3","3","0","0","0","0","STRATIFIED_10_FOLD_BY_FUNC_LABEL_PROGRAM_LEVEL"
"FILE_BLOCK","Network_Communication","fold_1","3","3","0","0","0","0","STRATIFIED_10_FOLD_BY_FUNC_LABEL_PROGRAM_LEVEL"
"FILE_PATH_SPLIT","Network_Communication","fold_2","3","3","0","0","0","0","STRATIFIED_10_FOLD_BY_FUNC_LABEL_PROGRAM_LEVEL"
"IP_FIFO","Network_Communication","fold_3","2","2","0","0","0","0","STRATIFIED_10_FOLD_BY_FUNC_LABEL_PROGRAM_LEVEL"
"IP4_CHECK","Network_Communication","fold_4","3","3","0","0","0","0","STRATIFIED_10_FOLD_BY_FUNC_LABEL_PROGRAM_LEVEL"
"IP4_TO_STRING","Network_Communication","fold_5","3","3","0","0","0","0","STRATIFIED_10_FOLD_BY_FUNC_LABEL_PROGRAM_LEVEL"
"IS_URLCHR","Network_Communication","fold_6","3","3","0","0","0","0","STRATIFIED_10_FOLD_BY_FUNC_LABEL_PROGRAM_LEVEL"
"LOG_VIEWPORT","Network_Communication","fold_7","3","3","0","0","0","0","STRATIFIED_10_FOLD_BY_FUNC_LABEL_PROGRAM_LEVEL"
"MB_CLIENT","Network_Communication","fold_8","3","3","0","0","0","0","STRATIFIED_10_FOLD_BY_FUNC_LABEL_PROGRAM_LEVEL"
"MB_SERVER","Network_Communication","fold_9","3","3","0","0","0","0","STRATIFIED_10_FOLD_BY_FUNC_LABEL_PROGRAM_LEVEL"
"MB_VMAP","Network_Communication","fold_0","3","3","0","0","0","0","STRATIFIED_10_FOLD_BY_FUNC_LABEL_PROGRAM_LEVEL"
"MOON_PHASE","Network_Communication","fold_1","3","3","0","0","0","0","STRATIFIED_10_FOLD_BY_FUNC_LABEL_PROGRAM_LEVEL"
"NET_VAR_BOOL8","Network_Communication","fold_2","3","3","0","0","0","0","STRATIFIED_10_FOLD_BY_FUNC_LABEL_PROGRAM_LEVEL"
"NET_VAR_BUFFER","Network_Communication","fold_3","3","3","0","0","0","0","STRATIFIED_10_FOLD_BY_FUNC_LABEL_PROGRAM_LEVEL"
"NET_VAR_DWORD8","Network_Communication","fold_4","3","3","0","0","0","0","STRATIFIED_10_FOLD_BY_FUNC_LABEL_PROGRAM_LEVEL"
"NETWORK_VERSION","Network_Communication","fold_5","3","3","0","0","0","0","STRATIFIED_10_FOLD_BY_FUNC_LABEL_PROGRAM_LEVEL"
"SHA1_STREAM","Network_Communication","fold_6","3","3","0","0","0","0","STRATIFIED_10_FOLD_BY_FUNC_LABEL_PROGRAM_LEVEL"
"SNTP_CLIENT","Network_Communication","fold_7","3","3","0","0","0","0","STRATIFIED_10_FOLD_BY_FUNC_LABEL_PROGRAM_LEVEL"
"STRING_TO_URL","Network_Communication","fold_8","2","2","0","0","0","0","STRATIFIED_10_FOLD_BY_FUNC_LABEL_PROGRAM_LEVEL"
"URL_TO_STRING","Network_Communication","fold_9","3","3","0","0","0","0","STRATIFIED_10_FOLD_BY_FUNC_LABEL_PROGRAM_LEVEL"
"WORLD_WEATHER_DESC_GE","Network_Communication","fold_0","3","3","0","0","0","0","STRATIFIED_10_FOLD_BY_FUNC_LABEL_PROGRAM_LEVEL"
"WORLD_WEATHER_ICON_OSCAT","Network_Communication","fold_1","3","3","0","0","0","0","STRATIFIED_10_FOLD_BY_FUNC_LABEL_PROGRAM_LEVEL"
"YAHOO_WEATHER_DESC_GE","Network_Communication","fold_2","3","3","0","0","0","0","STRATIFIED_10_FOLD_BY_FUNC_LABEL_PROGRAM_LEVEL"
"YAHOO_WEATHER_ICON_OSCAT","Network_Communication","fold_3","3","3","0","0","0","0","STRATIFIED_10_FOLD_BY_FUNC_LABEL_PROGRAM_LEVEL"
"IRTRANS_DECODE","Networking","fold_0","3","3","0","0","0","0","STRATIFIED_10_FOLD_BY_FUNC_LABEL_PROGRAM_LEVEL"
"IRTRANS_RCV_1","Networking","fold_1","3","3","0","0","0","0","STRATIFIED_10_FOLD_BY_FUNC_LABEL_PROGRAM_LEVEL"
"IRTRANS_RCV_4","Networking","fold_2","3","3","0","0","0","0","STRATIFIED_10_FOLD_BY_FUNC_LABEL_PROGRAM_LEVEL"
"IRTRANS_RCV_8","Networking","fold_3","3","3","0","0","0","0","STRATIFIED_10_FOLD_BY_FUNC_LABEL_PROGRAM_LEVEL"
"IRTRANS_SERVER","Networking","fold_4","3","3","0","0","0","0","STRATIFIED_10_FOLD_BY_FUNC_LABEL_PROGRAM_LEVEL"
"TN_RECEIVE","Networking","fold_5","3","3","0","0","0","0","STRATIFIED_10_FOLD_BY_FUNC_LABEL_PROGRAM_LEVEL"
"TN_SC_ADD_SHADOW","Networking","fold_6","2","2","0","0","0","0","STRATIFIED_10_FOLD_BY_FUNC_LABEL_PROGRAM_LEVEL"
"TN_SC_AREA_RESTORE","Networking","fold_7","2","2","0","0","0","0","STRATIFIED_10_FOLD_BY_FUNC_LABEL_PROGRAM_LEVEL"
"TN_SC_AREA_SAVE","Networking","fold_8","3","3","0","0","0","0","STRATIFIED_10_FOLD_BY_FUNC_LABEL_PROGRAM_LEVEL"
"TN_SC_BOX","Networking","fold_9","2","2","0","0","0","0","STRATIFIED_10_FOLD_BY_FUNC_LABEL_PROGRAM_LEVEL"
"TN_SC_FILL","Networking","fold_0","3","3","0","0","0","0","STRATIFIED_10_FOLD_BY_FUNC_LABEL_PROGRAM_LEVEL"
"TN_SC_LINE","Networking","fold_1","2","2","0","0","0","0","STRATIFIED_10_FOLD_BY_FUNC_LABEL_PROGRAM_LEVEL"
"TN_SC_READ_ATTR","Networking","fold_2","3","3","0","0","0","0","STRATIFIED_10_FOLD_BY_FUNC_LABEL_PROGRAM_LEVEL"
"TN_SC_READ_CHAR","Networking","fold_3","3","3","0","0","0","0","STRATIFIED_10_FOLD_BY_FUNC_LABEL_PROGRAM_LEVEL"
"TN_SC_SHADOW_ATTR","Networking","fold_4","3","3","0","0","0","0","STRATIFIED_10_FOLD_BY_FUNC_LABEL_PROGRAM_LEVEL"
"TN_SC_WRITE_ATTR","Networking","fold_5","3","3","0","0","0","0","STRATIFIED_10_FOLD_BY_FUNC_LABEL_PROGRAM_LEVEL"
"TN_SC_WRITE_CHAR","Networking","fold_6","3","3","0","0","0","0","STRATIFIED_10_FOLD_BY_FUNC_LABEL_PROGRAM_LEVEL"
"TN_SC_XY_ERROR","Networking","fold_7","3","3","0","0","0","0","STRATIFIED_10_FOLD_BY_FUNC_LABEL_PROGRAM_LEVEL"
"TN_SC_XY2_ERROR","Networking","fold_8","3","3","0","0","0","0","STRATIFIED_10_FOLD_BY_FUNC_LABEL_PROGRAM_LEVEL"
"TN_SEND_ROWS","Networking","fold_9","3","3","0","0","0","0","STRATIFIED_10_FOLD_BY_FUNC_LABEL_PROGRAM_LEVEL"
"A_TRIG","Pulse_Gen","fold_0","4","4","0","0","0","0","STRATIFIED_10_FOLD_BY_FUNC_LABEL_PROGRAM_LEVEL"
"B_TRIG","Pulse_Gen","fold_1","4","4","0","0","0","0","STRATIFIED_10_FOLD_BY_FUNC_LABEL_PROGRAM_LEVEL"
"CLICK_CNT","Pulse_Gen","fold_2","4","4","0","0","0","0","STRATIFIED_10_FOLD_BY_FUNC_LABEL_PROGRAM_LEVEL"
"CLICK_DEC","Pulse_Gen","fold_3","4","4","0","0","0","0","STRATIFIED_10_FOLD_BY_FUNC_LABEL_PROGRAM_LEVEL"
"CLK_DIV","Pulse_Gen","fold_4","4","4","0","0","0","0","STRATIFIED_10_FOLD_BY_FUNC_LABEL_PROGRAM_LEVEL"
"CLK_N","Pulse_Gen","fold_5","4","4","0","0","0","0","STRATIFIED_10_FOLD_BY_FUNC_LABEL_PROGRAM_LEVEL"
"CLK_PRG","Pulse_Gen","fold_6","4","4","0","0","0","0","STRATIFIED_10_FOLD_BY_FUNC_LABEL_PROGRAM_LEVEL"
"CLK_PULSE","Pulse_Gen","fold_7","4","4","0","0","0","0","STRATIFIED_10_FOLD_BY_FUNC_LABEL_PROGRAM_LEVEL"
"CYCLE_4","Pulse_Gen","fold_8","4","4","0","0","0","0","STRATIFIED_10_FOLD_BY_FUNC_LABEL_PROGRAM_LEVEL"
"D_TRIG","Pulse_Gen","fold_9","4","4","0","0","0","0","STRATIFIED_10_FOLD_BY_FUNC_LABEL_PROGRAM_LEVEL"
"GEN_BIT","Pulse_Gen","fold_0","4","4","0","0","0","0","STRATIFIED_10_FOLD_BY_FUNC_LABEL_PROGRAM_LEVEL"
"GEN_SQ","Pulse_Gen","fold_1","4","4","0","0","0","0","STRATIFIED_10_FOLD_BY_FUNC_LABEL_PROGRAM_LEVEL"
"SCHEDULER","Pulse_Gen","fold_2","4","4","0","0","0","0","STRATIFIED_10_FOLD_BY_FUNC_LABEL_PROGRAM_LEVEL"
"SCHEDULER_2","Pulse_Gen","fold_3","4","4","0","0","0","0","STRATIFIED_10_FOLD_BY_FUNC_LABEL_PROGRAM_LEVEL"
"SEQUENCE_4","Pulse_Gen","fold_4","4","4","0","0","0","0","STRATIFIED_10_FOLD_BY_FUNC_LABEL_PROGRAM_LEVEL"
"SEQUENCE_64","Pulse_Gen","fold_5","4","4","0","0","0","0","STRATIFIED_10_FOLD_BY_FUNC_LABEL_PROGRAM_LEVEL"
"SEQUENCE_8","Pulse_Gen","fold_6","4","4","0","0","0","0","STRATIFIED_10_FOLD_BY_FUNC_LABEL_PROGRAM_LEVEL"
"TMAX","Pulse_Gen","fold_7","4","4","0","0","0","0","STRATIFIED_10_FOLD_BY_FUNC_LABEL_PROGRAM_LEVEL"
"TMIN","Pulse_Gen","fold_8","4","4","0","0","0","0","STRATIFIED_10_FOLD_BY_FUNC_LABEL_PROGRAM_LEVEL"
"TOF_1","Pulse_Gen","fold_9","4","4","0","0","0","0","STRATIFIED_10_FOLD_BY_FUNC_LABEL_PROGRAM_LEVEL"
"TONOF","Pulse_Gen","fold_0","4","4","0","0","0","0","STRATIFIED_10_FOLD_BY_FUNC_LABEL_PROGRAM_LEVEL"
"TP_1","Pulse_Gen","fold_1","3","3","0","0","0","0","STRATIFIED_10_FOLD_BY_FUNC_LABEL_PROGRAM_LEVEL"
"TP_1D","Pulse_Gen","fold_2","4","4","0","0","0","0","STRATIFIED_10_FOLD_BY_FUNC_LABEL_PROGRAM_LEVEL"
"TP_X","Pulse_Gen","fold_3","4","4","0","0","0","0","STRATIFIED_10_FOLD_BY_FUNC_LABEL_PROGRAM_LEVEL"
"MULTI_IN","Sensors","fold_0","4","4","0","0","0","0","STRATIFIED_10_FOLD_BY_FUNC_LABEL_PROGRAM_LEVEL"
"RES_NI","Sensors","fold_1","4","4","0","0","0","0","STRATIFIED_10_FOLD_BY_FUNC_LABEL_PROGRAM_LEVEL"
"RES_NTC","Sensors","fold_2","4","4","0","0","0","0","STRATIFIED_10_FOLD_BY_FUNC_LABEL_PROGRAM_LEVEL"
"RES_PT","Sensors","fold_3","4","4","0","0","0","0","STRATIFIED_10_FOLD_BY_FUNC_LABEL_PROGRAM_LEVEL"
"RES_SI","Sensors","fold_4","4","4","0","0","0","0","STRATIFIED_10_FOLD_BY_FUNC_LABEL_PROGRAM_LEVEL"
"SENSOR_INT","Sensors","fold_5","4","4","0","0","0","0","STRATIFIED_10_FOLD_BY_FUNC_LABEL_PROGRAM_LEVEL"
"TEMP_NI","Sensors","fold_6","4","4","0","0","0","0","STRATIFIED_10_FOLD_BY_FUNC_LABEL_PROGRAM_LEVEL"
"TEMP_NTC","Sensors","fold_7","4","4","0","0","0","0","STRATIFIED_10_FOLD_BY_FUNC_LABEL_PROGRAM_LEVEL"
"TEMP_PT","Sensors","fold_8","4","4","0","0","0","0","STRATIFIED_10_FOLD_BY_FUNC_LABEL_PROGRAM_LEVEL"
"TEMP_SI","Sensors","fold_9","4","4","0","0","0","0","STRATIFIED_10_FOLD_BY_FUNC_LABEL_PROGRAM_LEVEL"
"_RMP_B","Signal_Gen","fold_0","4","4","0","0","0","0","STRATIFIED_10_FOLD_BY_FUNC_LABEL_PROGRAM_LEVEL"
"_RMP_NEXT","Signal_Gen","fold_1","4","4","0","0","0","0","STRATIFIED_10_FOLD_BY_FUNC_LABEL_PROGRAM_LEVEL"
"_RMP_W","Signal_Gen","fold_2","4","4","0","0","0","0","STRATIFIED_10_FOLD_BY_FUNC_LABEL_PROGRAM_LEVEL"
"GEN_PULSE","Signal_Gen","fold_3","4","4","0","0","0","0","STRATIFIED_10_FOLD_BY_FUNC_LABEL_PROGRAM_LEVEL"
"GEN_PW2","Signal_Gen","fold_4","4","4","0","0","0","0","STRATIFIED_10_FOLD_BY_FUNC_LABEL_PROGRAM_LEVEL"
"GEN_RDM","Signal_Gen","fold_5","4","4","0","0","0","0","STRATIFIED_10_FOLD_BY_FUNC_LABEL_PROGRAM_LEVEL"
"GEN_RDT","Signal_Gen","fold_6","4","4","0","0","0","0","STRATIFIED_10_FOLD_BY_FUNC_LABEL_PROGRAM_LEVEL"
"GEN_RMP","Signal_Gen","fold_7","3","3","0","0","0","0","STRATIFIED_10_FOLD_BY_FUNC_LABEL_PROGRAM_LEVEL"
"GEN_SIN","Signal_Gen","fold_8","3","3","0","0","0","0","STRATIFIED_10_FOLD_BY_FUNC_LABEL_PROGRAM_LEVEL"
"GEN_SQR","Signal_Gen","fold_9","3","3","0","0","0","0","STRATIFIED_10_FOLD_BY_FUNC_LABEL_PROGRAM_LEVEL"
"PWM_DC","Signal_Gen","fold_0","4","4","0","0","0","0","STRATIFIED_10_FOLD_BY_FUNC_LABEL_PROGRAM_LEVEL"
"PWM_PW","Signal_Gen","fold_1","3","3","0","0","0","0","STRATIFIED_10_FOLD_BY_FUNC_LABEL_PROGRAM_LEVEL"
"RMP_B","Signal_Gen","fold_2","4","4","0","0","0","0","STRATIFIED_10_FOLD_BY_FUNC_LABEL_PROGRAM_LEVEL"
"RMP_SOFT","Signal_Gen","fold_3","4","4","0","0","0","0","STRATIFIED_10_FOLD_BY_FUNC_LABEL_PROGRAM_LEVEL"
"RMP_W","Signal_Gen","fold_4","4","4","0","0","0","0","STRATIFIED_10_FOLD_BY_FUNC_LABEL_PROGRAM_LEVEL"
"AIN","Signal_Proc","fold_0","4","4","0","0","0","0","STRATIFIED_10_FOLD_BY_FUNC_LABEL_PROGRAM_LEVEL"
"AIN1","Signal_Proc","fold_1","4","4","0","0","0","0","STRATIFIED_10_FOLD_BY_FUNC_LABEL_PROGRAM_LEVEL"
"AOUT","Signal_Proc","fold_2","4","4","0","0","0","0","STRATIFIED_10_FOLD_BY_FUNC_LABEL_PROGRAM_LEVEL"
"AOUT1","Signal_Proc","fold_3","4","4","0","0","0","0","STRATIFIED_10_FOLD_BY_FUNC_LABEL_PROGRAM_LEVEL"
"BYTE_TO_RANGE","Signal_Proc","fold_4","4","4","0","0","0","0","STRATIFIED_10_FOLD_BY_FUNC_LABEL_PROGRAM_LEVEL"
"DELAY","Signal_Proc","fold_5","4","4","0","0","0","0","STRATIFIED_10_FOLD_BY_FUNC_LABEL_PROGRAM_LEVEL"
"DELAY_4","Signal_Proc","fold_6","4","4","0","0","0","0","STRATIFIED_10_FOLD_BY_FUNC_LABEL_PROGRAM_LEVEL"
"FADE","Signal_Proc","fold_7","4","4","0","0","0","0","STRATIFIED_10_FOLD_BY_FUNC_LABEL_PROGRAM_LEVEL"
"FILTER_DW","Signal_Proc","fold_8","4","4","0","0","0","0","STRATIFIED_10_FOLD_BY_FUNC_LABEL_PROGRAM_LEVEL"
"FILTER_I","Signal_Proc","fold_9","4","4","0","0","0","0","STRATIFIED_10_FOLD_BY_FUNC_LABEL_PROGRAM_LEVEL"
"FILTER_MAV_DW","Signal_Proc","fold_0","4","4","0","0","0","0","STRATIFIED_10_FOLD_BY_FUNC_LABEL_PROGRAM_LEVEL"
"FILTER_MAV_W","Signal_Proc","fold_1","4","4","0","0","0","0","STRATIFIED_10_FOLD_BY_FUNC_LABEL_PROGRAM_LEVEL"
"FILTER_W","Signal_Proc","fold_2","4","4","0","0","0","0","STRATIFIED_10_FOLD_BY_FUNC_LABEL_PROGRAM_LEVEL"
"FILTER_WAV","Signal_Proc","fold_3","4","4","0","0","0","0","STRATIFIED_10_FOLD_BY_FUNC_LABEL_PROGRAM_LEVEL"
"MIX","Signal_Proc","fold_4","4","4","0","0","0","0","STRATIFIED_10_FOLD_BY_FUNC_LABEL_PROGRAM_LEVEL"
"MUX_R2","Signal_Proc","fold_5","4","4","0","0","0","0","STRATIFIED_10_FOLD_BY_FUNC_LABEL_PROGRAM_LEVEL"
"MUX_R4","Signal_Proc","fold_6","4","4","0","0","0","0","STRATIFIED_10_FOLD_BY_FUNC_LABEL_PROGRAM_LEVEL"
"OFFSET","Signal_Proc","fold_7","4","4","0","0","0","0","STRATIFIED_10_FOLD_BY_FUNC_LABEL_PROGRAM_LEVEL"
"OFFSET2","Signal_Proc","fold_8","4","4","0","0","0","0","STRATIFIED_10_FOLD_BY_FUNC_LABEL_PROGRAM_LEVEL"
"RANGE_TO_BYTE","Signal_Proc","fold_9","4","4","0","0","0","0","STRATIFIED_10_FOLD_BY_FUNC_LABEL_PROGRAM_LEVEL"
"RANGE_TO_WORD","Signal_Proc","fold_0","4","4","0","0","0","0","STRATIFIED_10_FOLD_BY_FUNC_LABEL_PROGRAM_LEVEL"
"SCALE","Signal_Proc","fold_1","4","4","0","0","0","0","STRATIFIED_10_FOLD_BY_FUNC_LABEL_PROGRAM_LEVEL"
"SCALE_B","Signal_Proc","fold_2","4","4","0","0","0","0","STRATIFIED_10_FOLD_BY_FUNC_LABEL_PROGRAM_LEVEL"
"SCALE_B2","Signal_Proc","fold_3","4","4","0","0","0","0","STRATIFIED_10_FOLD_BY_FUNC_LABEL_PROGRAM_LEVEL"
"SCALE_B4","Signal_Proc","fold_4","4","4","0","0","0","0","STRATIFIED_10_FOLD_BY_FUNC_LABEL_PROGRAM_LEVEL"
"SCALE_B8","Signal_Proc","fold_5","4","4","0","0","0","0","STRATIFIED_10_FOLD_BY_FUNC_LABEL_PROGRAM_LEVEL"
"SCALE_D","Signal_Proc","fold_6","4","4","0","0","0","0","STRATIFIED_10_FOLD_BY_FUNC_LABEL_PROGRAM_LEVEL"
"SCALE_R","Signal_Proc","fold_7","4","4","0","0","0","0","STRATIFIED_10_FOLD_BY_FUNC_LABEL_PROGRAM_LEVEL"
"SCALE_X2","Signal_Proc","fold_8","4","4","0","0","0","0","STRATIFIED_10_FOLD_BY_FUNC_LABEL_PROGRAM_LEVEL"
"SCALE_X4","Signal_Proc","fold_9","4","4","0","0","0","0","STRATIFIED_10_FOLD_BY_FUNC_LABEL_PROGRAM_LEVEL"
"SCALE_X8","Signal_Proc","fold_0","4","4","0","0","0","0","STRATIFIED_10_FOLD_BY_FUNC_LABEL_PROGRAM_LEVEL"
"SEL2_OF_3","Signal_Proc","fold_1","4","4","0","0","0","0","STRATIFIED_10_FOLD_BY_FUNC_LABEL_PROGRAM_LEVEL"
"SEL2_OF_3B","Signal_Proc","fold_2","4","4","0","0","0","0","STRATIFIED_10_FOLD_BY_FUNC_LABEL_PROGRAM_LEVEL"
"SH","Signal_Proc","fold_3","4","4","0","0","0","0","STRATIFIED_10_FOLD_BY_FUNC_LABEL_PROGRAM_LEVEL"
"SH_1","Signal_Proc","fold_4","4","4","0","0","0","0","STRATIFIED_10_FOLD_BY_FUNC_LABEL_PROGRAM_LEVEL"
"SH_2","Signal_Proc","fold_5","3","3","0","0","0","0","STRATIFIED_10_FOLD_BY_FUNC_LABEL_PROGRAM_LEVEL"
"SH_T","Signal_Proc","fold_6","4","4","0","0","0","0","STRATIFIED_10_FOLD_BY_FUNC_LABEL_PROGRAM_LEVEL"
"STAIR","Signal_Proc","fold_7","4","4","0","0","0","0","STRATIFIED_10_FOLD_BY_FUNC_LABEL_PROGRAM_LEVEL"
"STAIR2","Signal_Proc","fold_8","4","4","0","0","0","0","STRATIFIED_10_FOLD_BY_FUNC_LABEL_PROGRAM_LEVEL"
"TREND","Signal_Proc","fold_9","4","4","0","0","0","0","STRATIFIED_10_FOLD_BY_FUNC_LABEL_PROGRAM_LEVEL"
"TREND_DW","Signal_Proc","fold_0","4","4","0","0","0","0","STRATIFIED_10_FOLD_BY_FUNC_LABEL_PROGRAM_LEVEL"
"WORD_TO_RANGE","Signal_Proc","fold_1","4","4","0","0","0","0","STRATIFIED_10_FOLD_BY_FUNC_LABEL_PROGRAM_LEVEL"
"_INSERT80","Str_Func","fold_0","3","3","0","0","0","0","STRATIFIED_10_FOLD_BY_FUNC_LABEL_PROGRAM_LEVEL"
"BYTE_TO_STRB","Str_Func","fold_1","4","4","0","0","0","0","STRATIFIED_10_FOLD_BY_FUNC_LABEL_PROGRAM_LEVEL"
"BYTE_TO_STRH","Str_Func","fold_2","4","4","0","0","0","0","STRATIFIED_10_FOLD_BY_FUNC_LABEL_PROGRAM_LEVEL"
"CHARNAME","Str_Func","fold_3","4","4","0","0","0","0","STRATIFIED_10_FOLD_BY_FUNC_LABEL_PROGRAM_LEVEL"
"CHR_TO_STRING","Str_Func","fold_4","4","4","0","0","0","0","STRATIFIED_10_FOLD_BY_FUNC_LABEL_PROGRAM_LEVEL"
"CLEAN","Str_Func","fold_5","4","4","0","0","0","0","STRATIFIED_10_FOLD_BY_FUNC_LABEL_PROGRAM_LEVEL"
"COUNT_SUBSTRING","Str_Func","fold_6","4","4","0","0","0","0","STRATIFIED_10_FOLD_BY_FUNC_LABEL_PROGRAM_LEVEL"
"DATE_TO_STRING","Str_Func","fold_7","3","3","0","0","0","0","STRATIFIED_10_FOLD_BY_FUNC_LABEL_PROGRAM_LEVEL"
"DEL_CHARS","Str_Func","fold_8","4","4","0","0","0","0","STRATIFIED_10_FOLD_BY_FUNC_LABEL_PROGRAM_LEVEL"
"DT_TO_STRING","Str_Func","fold_9","3","3","0","0","0","0","STRATIFIED_10_FOLD_BY_FUNC_LABEL_PROGRAM_LEVEL"
"DWORD_TO_STRB","Str_Func","fold_0","4","4","0","0","0","0","STRATIFIED_10_FOLD_BY_FUNC_LABEL_PROGRAM_LEVEL"
"DWORD_TO_STRF","Str_Func","fold_1","4","4","0","0","0","0","STRATIFIED_10_FOLD_BY_FUNC_LABEL_PROGRAM_LEVEL"
"DWORD_TO_STRH","Str_Func","fold_2","4","4","0","0","0","0","STRATIFIED_10_FOLD_BY_FUNC_LABEL_PROGRAM_LEVEL"
"FILL","Str_Func","fold_3","4","4","0","0","0","0","STRATIFIED_10_FOLD_BY_FUNC_LABEL_PROGRAM_LEVEL"
"FINDB","Str_Func","fold_4","4","4","0","0","0","0","STRATIFIED_10_FOLD_BY_FUNC_LABEL_PROGRAM_LEVEL"
"FINDP","Str_Func","fold_5","4","4","0","0","0","0","STRATIFIED_10_FOLD_BY_FUNC_LABEL_PROGRAM_LEVEL"
"FIX","Str_Func","fold_6","4","4","0","0","0","0","STRATIFIED_10_FOLD_BY_FUNC_LABEL_PROGRAM_LEVEL"
"INSERT250","Str_Func","fold_7","3","3","0","0","0","0","STRATIFIED_10_FOLD_BY_FUNC_LABEL_PROGRAM_LEVEL"
"IS_CC","Str_Func","fold_8","4","4","0","0","0","0","STRATIFIED_10_FOLD_BY_FUNC_LABEL_PROGRAM_LEVEL"
"IS_NCC","Str_Func","fold_9","4","4","0","0","0","0","STRATIFIED_10_FOLD_BY_FUNC_LABEL_PROGRAM_LEVEL"
"ISC_ALPHA","Str_Func","fold_0","4","4","0","0","0","0","STRATIFIED_10_FOLD_BY_FUNC_LABEL_PROGRAM_LEVEL"
"ISC_CTRL","Str_Func","fold_1","4","4","0","0","0","0","STRATIFIED_10_FOLD_BY_FUNC_LABEL_PROGRAM_LEVEL"
"ISC_HEX","Str_Func","fold_2","4","4","0","0","0","0","STRATIFIED_10_FOLD_BY_FUNC_LABEL_PROGRAM_LEVEL"
"ISC_LOWER","Str_Func","fold_3","4","4","0","0","0","0","STRATIFIED_10_FOLD_BY_FUNC_LABEL_PROGRAM_LEVEL"
"ISC_NUM","Str_Func","fold_4","4","4","0","0","0","0","STRATIFIED_10_FOLD_BY_FUNC_LABEL_PROGRAM_LEVEL"
"ISC_UPPER","Str_Func","fold_5","4","4","0","0","0","0","STRATIFIED_10_FOLD_BY_FUNC_LABEL_PROGRAM_LEVEL"
"MESSAGE_4R","Str_Func","fold_6","4","4","0","0","0","0","STRATIFIED_10_FOLD_BY_FUNC_LABEL_PROGRAM_LEVEL"
"MESSAGE_8","Str_Func","fold_7","4","4","0","0","0","0","STRATIFIED_10_FOLD_BY_FUNC_LABEL_PROGRAM_LEVEL"
"MIRROR","Str_Func","fold_8","4","4","0","0","0","0","STRATIFIED_10_FOLD_BY_FUNC_LABEL_PROGRAM_LEVEL"
"MONTH_TO_STRING","Str_Func","fold_9","4","4","0","0","0","0","STRATIFIED_10_FOLD_BY_FUNC_LABEL_PROGRAM_LEVEL"
"REAL_TO_STRF","Str_Func","fold_0","4","4","0","0","0","0","STRATIFIED_10_FOLD_BY_FUNC_LABEL_PROGRAM_LEVEL"
"REPLACE_ALL","Str_Func","fold_1","4","4","0","0","0","0","STRATIFIED_10_FOLD_BY_FUNC_LABEL_PROGRAM_LEVEL"
"REPLACE_CHARS","Str_Func","fold_2","4","4","0","0","0","0","STRATIFIED_10_FOLD_BY_FUNC_LABEL_PROGRAM_LEVEL"
"STRING_TO_TOD","Str_Func","fold_3","2","2","0","0","0","0","STRATIFIED_10_FOLD_BY_FUNC_LABEL_PROGRAM_LEVEL"
"TICKER","Str_Func","fold_4","3","3","0","0","0","0","STRATIFIED_10_FOLD_BY_FUNC_LABEL_PROGRAM_LEVEL"
"TO_LOWER","Str_Func","fold_5","4","4","0","0","0","0","STRATIFIED_10_FOLD_BY_FUNC_LABEL_PROGRAM_LEVEL"
"TO_UML","Str_Func","fold_6","3","3","0","0","0","0","STRATIFIED_10_FOLD_BY_FUNC_LABEL_PROGRAM_LEVEL"
"TO_UPPER","Str_Func","fold_7","4","4","0","0","0","0","STRATIFIED_10_FOLD_BY_FUNC_LABEL_PROGRAM_LEVEL"
"TOD_TO_STRING","Str_Func","fold_8","3","3","0","0","0","0","STRATIFIED_10_FOLD_BY_FUNC_LABEL_PROGRAM_LEVEL"
"TRIM","Str_Func","fold_9","4","4","0","0","0","0","STRATIFIED_10_FOLD_BY_FUNC_LABEL_PROGRAM_LEVEL"
"TRIM1","Str_Func","fold_0","4","4","0","0","0","0","STRATIFIED_10_FOLD_BY_FUNC_LABEL_PROGRAM_LEVEL"
"WEEKDAY_TO_STRING","Str_Func","fold_1","3","3","0","0","0","0","STRATIFIED_10_FOLD_BY_FUNC_LABEL_PROGRAM_LEVEL"
"CALENDAR_CALC","Time_and_Date","fold_0","4","4","0","0","0","0","STRATIFIED_10_FOLD_BY_FUNC_LABEL_PROGRAM_LEVEL"
"DATE_ADD","Time_and_Date","fold_1","4","4","0","0","0","0","STRATIFIED_10_FOLD_BY_FUNC_LABEL_PROGRAM_LEVEL"
"DATE_TO_DT","Time_and_Date","fold_2","3","3","0","0","0","0","STRATIFIED_10_FOLD_BY_FUNC_LABEL_PROGRAM_LEVEL"
"DATE_TO_DWORD","Time_and_Date","fold_3","3","3","0","0","0","0","STRATIFIED_10_FOLD_BY_FUNC_LABEL_PROGRAM_LEVEL"
"DATE_TO_REAL","Time_and_Date","fold_4","3","3","0","0","0","0","STRATIFIED_10_FOLD_BY_FUNC_LABEL_PROGRAM_LEVEL"
"DATE_TO_UDINT","Time_and_Date","fold_5","3","3","0","0","0","0","STRATIFIED_10_FOLD_BY_FUNC_LABEL_PROGRAM_LEVEL"
"DAY_OF_DATE","Time_and_Date","fold_6","4","4","0","0","0","0","STRATIFIED_10_FOLD_BY_FUNC_LABEL_PROGRAM_LEVEL"
"DAY_OF_MONTH","Time_and_Date","fold_7","4","4","0","0","0","0","STRATIFIED_10_FOLD_BY_FUNC_LABEL_PROGRAM_LEVEL"
"DAY_OF_WEEK","Time_and_Date","fold_8","4","4","0","0","0","0","STRATIFIED_10_FOLD_BY_FUNC_LABEL_PROGRAM_LEVEL"
"DAY_OF_YEAR","Time_and_Date","fold_9","4","4","0","0","0","0","STRATIFIED_10_FOLD_BY_FUNC_LABEL_PROGRAM_LEVEL"
"DAY_TO_TIME","Time_and_Date","fold_0","3","3","0","0","0","0","STRATIFIED_10_FOLD_BY_FUNC_LABEL_PROGRAM_LEVEL"
"DAYS_DELTA","Time_and_Date","fold_1","4","4","0","0","0","0","STRATIFIED_10_FOLD_BY_FUNC_LABEL_PROGRAM_LEVEL"
"DAYS_IN_MONTH","Time_and_Date","fold_2","4","4","0","0","0","0","STRATIFIED_10_FOLD_BY_FUNC_LABEL_PROGRAM_LEVEL"
"DAYS_IN_YEAR","Time_and_Date","fold_3","4","4","0","0","0","0","STRATIFIED_10_FOLD_BY_FUNC_LABEL_PROGRAM_LEVEL"
"DCF77","Time_and_Date","fold_4","3","3","0","0","0","0","STRATIFIED_10_FOLD_BY_FUNC_LABEL_PROGRAM_LEVEL"
"DST","Time_and_Date","fold_5","4","4","0","0","0","0","STRATIFIED_10_FOLD_BY_FUNC_LABEL_PROGRAM_LEVEL"
"DT_TO_SDT","Time_and_Date","fold_6","4","4","0","0","0","0","STRATIFIED_10_FOLD_BY_FUNC_LABEL_PROGRAM_LEVEL"
"DT_TO_TOD","Time_and_Date","fold_7","3","3","0","0","0","0","STRATIFIED_10_FOLD_BY_FUNC_LABEL_PROGRAM_LEVEL"
"DT2_TO_SDT","Time_and_Date","fold_8","4","4","0","0","0","0","STRATIFIED_10_FOLD_BY_FUNC_LABEL_PROGRAM_LEVEL"
"DWORD_TO_DATE","Time_and_Date","fold_9","3","3","0","0","0","0","STRATIFIED_10_FOLD_BY_FUNC_LABEL_PROGRAM_LEVEL"
"DWORD_TO_DT","Time_and_Date","fold_0","3","3","0","0","0","0","STRATIFIED_10_FOLD_BY_FUNC_LABEL_PROGRAM_LEVEL"
"DWORD_TO_TIME","Time_and_Date","fold_1","3","3","0","0","0","0","STRATIFIED_10_FOLD_BY_FUNC_LABEL_PROGRAM_LEVEL"
"DWORD_TO_TOD","Time_and_Date","fold_2","3","3","0","0","0","0","STRATIFIED_10_FOLD_BY_FUNC_LABEL_PROGRAM_LEVEL"
"EASTER","Time_and_Date","fold_3","4","4","0","0","0","0","STRATIFIED_10_FOLD_BY_FUNC_LABEL_PROGRAM_LEVEL"
"EVENTS","Time_and_Date","fold_4","4","4","0","0","0","0","STRATIFIED_10_FOLD_BY_FUNC_LABEL_PROGRAM_LEVEL"
"HOLIDAY","Time_and_Date","fold_5","4","4","0","0","0","0","STRATIFIED_10_FOLD_BY_FUNC_LABEL_PROGRAM_LEVEL"
"HOUR","Time_and_Date","fold_6","4","4","0","0","0","0","STRATIFIED_10_FOLD_BY_FUNC_LABEL_PROGRAM_LEVEL"
"HOUR_OF_DT","Time_and_Date","fold_7","4","4","0","0","0","0","STRATIFIED_10_FOLD_BY_FUNC_LABEL_PROGRAM_LEVEL"
"HOUR_TO_TIME","Time_and_Date","fold_8","4","4","0","0","0","0","STRATIFIED_10_FOLD_BY_FUNC_LABEL_PROGRAM_LEVEL"
"HOUR_TO_TOD","Time_and_Date","fold_9","4","4","0","0","0","0","STRATIFIED_10_FOLD_BY_FUNC_LABEL_PROGRAM_LEVEL"
"INT_TO_TIME","Time_and_Date","fold_0","3","3","0","0","0","0","STRATIFIED_10_FOLD_BY_FUNC_LABEL_PROGRAM_LEVEL"
"JD2000","Time_and_Date","fold_1","4","4","0","0","0","0","STRATIFIED_10_FOLD_BY_FUNC_LABEL_PROGRAM_LEVEL"
"LEAP_DAY","Time_and_Date","fold_2","4","4","0","0","0","0","STRATIFIED_10_FOLD_BY_FUNC_LABEL_PROGRAM_LEVEL"
"LEAP_OF_DATE","Time_and_Date","fold_3","4","4","0","0","0","0","STRATIFIED_10_FOLD_BY_FUNC_LABEL_PROGRAM_LEVEL"
"LEAP_YEAR","Time_and_Date","fold_4","4","4","0","0","0","0","STRATIFIED_10_FOLD_BY_FUNC_LABEL_PROGRAM_LEVEL"
"LTIME_TO_UTC","Time_and_Date","fold_5","4","4","0","0","0","0","STRATIFIED_10_FOLD_BY_FUNC_LABEL_PROGRAM_LEVEL"
"MINUTE","Time_and_Date","fold_6","3","3","0","0","0","0","STRATIFIED_10_FOLD_BY_FUNC_LABEL_PROGRAM_LEVEL"
"MINUTE_OF_DT","Time_and_Date","fold_7","4","4","0","0","0","0","STRATIFIED_10_FOLD_BY_FUNC_LABEL_PROGRAM_LEVEL"
"MINUTE_TO_TIME","Time_and_Date","fold_8","4","4","0","0","0","0","STRATIFIED_10_FOLD_BY_FUNC_LABEL_PROGRAM_LEVEL"
"MONTH_BEGIN","Time_and_Date","fold_9","4","4","0","0","0","0","STRATIFIED_10_FOLD_BY_FUNC_LABEL_PROGRAM_LEVEL"
"MONTH_END","Time_and_Date","fold_0","3","3","0","0","0","0","STRATIFIED_10_FOLD_BY_FUNC_LABEL_PROGRAM_LEVEL"
"MONTH_OF_DATE","Time_and_Date","fold_1","4","4","0","0","0","0","STRATIFIED_10_FOLD_BY_FUNC_LABEL_PROGRAM_LEVEL"
"MULTIME","Time_and_Date","fold_2","4","4","0","0","0","0","STRATIFIED_10_FOLD_BY_FUNC_LABEL_PROGRAM_LEVEL"
"PERIOD","Time_and_Date","fold_3","4","4","0","0","0","0","STRATIFIED_10_FOLD_BY_FUNC_LABEL_PROGRAM_LEVEL"
"PERIOD2","Time_and_Date","fold_4","4","4","0","0","0","0","STRATIFIED_10_FOLD_BY_FUNC_LABEL_PROGRAM_LEVEL"
"REAL_TO_TIME","Time_and_Date","fold_5","3","3","0","0","0","0","STRATIFIED_10_FOLD_BY_FUNC_LABEL_PROGRAM_LEVEL"
"REFRACTION","Time_and_Date","fold_6","4","4","0","0","0","0","STRATIFIED_10_FOLD_BY_FUNC_LABEL_PROGRAM_LEVEL"
"RTC_2","Time_and_Date","fold_7","4","4","0","0","0","0","STRATIFIED_10_FOLD_BY_FUNC_LABEL_PROGRAM_LEVEL"
"RTC_MS","Time_and_Date","fold_8","4","4","0","0","0","0","STRATIFIED_10_FOLD_BY_FUNC_LABEL_PROGRAM_LEVEL"
"SDT_TO_DATE","Time_and_Date","fold_9","4","4","0","0","0","0","STRATIFIED_10_FOLD_BY_FUNC_LABEL_PROGRAM_LEVEL"
"SDT_TO_DT","Time_and_Date","fold_0","4","4","0","0","0","0","STRATIFIED_10_FOLD_BY_FUNC_LABEL_PROGRAM_LEVEL"
"SDT_TO_TOD","Time_and_Date","fold_1","4","4","0","0","0","0","STRATIFIED_10_FOLD_BY_FUNC_LABEL_PROGRAM_LEVEL"
"SECOND","Time_and_Date","fold_2","4","4","0","0","0","0","STRATIFIED_10_FOLD_BY_FUNC_LABEL_PROGRAM_LEVEL"
"SECOND_OF_DT","Time_and_Date","fold_3","4","4","0","0","0","0","STRATIFIED_10_FOLD_BY_FUNC_LABEL_PROGRAM_LEVEL"
"SECOND_TO_TIME","Time_and_Date","fold_4","4","4","0","0","0","0","STRATIFIED_10_FOLD_BY_FUNC_LABEL_PROGRAM_LEVEL"
"SET_DATE","Time_and_Date","fold_5","4","4","0","0","0","0","STRATIFIED_10_FOLD_BY_FUNC_LABEL_PROGRAM_LEVEL"
"SET_DT","Time_and_Date","fold_6","4","4","0","0","0","0","STRATIFIED_10_FOLD_BY_FUNC_LABEL_PROGRAM_LEVEL"
"SET_TOD","Time_and_Date","fold_7","4","4","0","0","0","0","STRATIFIED_10_FOLD_BY_FUNC_LABEL_PROGRAM_LEVEL"
"SETUP_CHARNAMES","Time_and_Date","fold_8","3","3","0","0","0","0","STRATIFIED_10_FOLD_BY_FUNC_LABEL_PROGRAM_LEVEL"
"SETUP_DIRS","Time_and_Date","fold_9","3","3","0","0","0","0","STRATIFIED_10_FOLD_BY_FUNC_LABEL_PROGRAM_LEVEL"
"SETUP_EXTENDED_ASCII","Time_and_Date","fold_0","3","3","0","0","0","0","STRATIFIED_10_FOLD_BY_FUNC_LABEL_PROGRAM_LEVEL"
"SETUP_HOLIDAY_AT","Time_and_Date","fold_1","3","3","0","0","0","0","STRATIFIED_10_FOLD_BY_FUNC_LABEL_PROGRAM_LEVEL"
"SETUP_HOLIDAY_DE","Time_and_Date","fold_2","3","3","0","0","0","0","STRATIFIED_10_FOLD_BY_FUNC_LABEL_PROGRAM_LEVEL"
"SETUP_HOLIDAY_FR","Time_and_Date","fold_3","3","3","0","0","0","0","STRATIFIED_10_FOLD_BY_FUNC_LABEL_PROGRAM_LEVEL"
"SETUP_LANGUAGE","Time_and_Date","fold_4","3","3","0","0","0","0","STRATIFIED_10_FOLD_BY_FUNC_LABEL_PROGRAM_LEVEL"
"SETUP_LOCATION","Time_and_Date","fold_5","3","3","0","0","0","0","STRATIFIED_10_FOLD_BY_FUNC_LABEL_PROGRAM_LEVEL"
"SETUP_MONTHS","Time_and_Date","fold_6","3","3","0","0","0","0","STRATIFIED_10_FOLD_BY_FUNC_LABEL_PROGRAM_LEVEL"
"SETUP_MONTHS3","Time_and_Date","fold_7","3","3","0","0","0","0","STRATIFIED_10_FOLD_BY_FUNC_LABEL_PROGRAM_LEVEL"
"SETUP_WEEKDAYS","Time_and_Date","fold_8","3","3","0","0","0","0","STRATIFIED_10_FOLD_BY_FUNC_LABEL_PROGRAM_LEVEL"
"SETUP_WEEKDAYS2","Time_and_Date","fold_9","3","3","0","0","0","0","STRATIFIED_10_FOLD_BY_FUNC_LABEL_PROGRAM_LEVEL"
"SUN_MIDDAY","Time_and_Date","fold_0","4","4","0","0","0","0","STRATIFIED_10_FOLD_BY_FUNC_LABEL_PROGRAM_LEVEL"
"SUN_POS","Time_and_Date","fold_1","4","4","0","0","0","0","STRATIFIED_10_FOLD_BY_FUNC_LABEL_PROGRAM_LEVEL"
"SUN_TIME","Time_and_Date","fold_2","3","3","0","0","0","0","STRATIFIED_10_FOLD_BY_FUNC_LABEL_PROGRAM_LEVEL"
"TIME_TO_DWORD","Time_and_Date","fold_3","3","3","0","0","0","0","STRATIFIED_10_FOLD_BY_FUNC_LABEL_PROGRAM_LEVEL"
"TIME_TO_INT","Time_and_Date","fold_4","3","3","0","0","0","0","STRATIFIED_10_FOLD_BY_FUNC_LABEL_PROGRAM_LEVEL"
"TIME_TO_REAL","Time_and_Date","fold_5","3","3","0","0","0","0","STRATIFIED_10_FOLD_BY_FUNC_LABEL_PROGRAM_LEVEL"
"TIME_TO_TOD","Time_and_Date","fold_6","3","3","0","0","0","0","STRATIFIED_10_FOLD_BY_FUNC_LABEL_PROGRAM_LEVEL"
"TIME_TO_UDINT","Time_and_Date","fold_7","3","3","0","0","0","0","STRATIFIED_10_FOLD_BY_FUNC_LABEL_PROGRAM_LEVEL"
"TIMECHECK","Time_and_Date","fold_8","4","4","0","0","0","0","STRATIFIED_10_FOLD_BY_FUNC_LABEL_PROGRAM_LEVEL"
"TOD_TO_TIME","Time_and_Date","fold_9","3","3","0","0","0","0","STRATIFIED_10_FOLD_BY_FUNC_LABEL_PROGRAM_LEVEL"
"UDINT_TO_TIME","Time_and_Date","fold_0","3","3","0","0","0","0","STRATIFIED_10_FOLD_BY_FUNC_LABEL_PROGRAM_LEVEL"
"UTC_TO_LTIME","Time_and_Date","fold_1","3","3","0","0","0","0","STRATIFIED_10_FOLD_BY_FUNC_LABEL_PROGRAM_LEVEL"
"WORK_WEEK","Time_and_Date","fold_2","4","4","0","0","0","0","STRATIFIED_10_FOLD_BY_FUNC_LABEL_PROGRAM_LEVEL"
"YEAR_BEGIN","Time_and_Date","fold_3","4","4","0","0","0","0","STRATIFIED_10_FOLD_BY_FUNC_LABEL_PROGRAM_LEVEL"
"YEAR_END","Time_and_Date","fold_4","4","4","0","0","0","0","STRATIFIED_10_FOLD_BY_FUNC_LABEL_PROGRAM_LEVEL"
"YEAR_OF_DATE","Time_and_Date","fold_5","4","4","0","0","0","0","STRATIFIED_10_FOLD_BY_FUNC_LABEL_PROGRAM_LEVEL"
"_ARRAY_MEDIAN","UNKNOWN_NEEDS_METADATA_REVIEW","fold_0","1","1","0","0","0","0","STRATIFIED_10_FOLD_BY_FUNC_LABEL_PROGRAM_LEVEL"
"_BUFFER_CLEAR","UNKNOWN_NEEDS_METADATA_REVIEW","fold_1","1","1","0","0","0","0","STRATIFIED_10_FOLD_BY_FUNC_LABEL_PROGRAM_LEVEL"
"_BUFFER_INIT","UNKNOWN_NEEDS_METADATA_REVIEW","fold_2","1","1","0","0","0","0","STRATIFIED_10_FOLD_BY_FUNC_LABEL_PROGRAM_LEVEL"
"_BUFFER_INSERT","UNKNOWN_NEEDS_METADATA_REVIEW","fold_3","1","1","0","0","0","0","STRATIFIED_10_FOLD_BY_FUNC_LABEL_PROGRAM_LEVEL"
"_BUFFER_UPPERCASE","UNKNOWN_NEEDS_METADATA_REVIEW","fold_4","1","1","0","0","0","0","STRATIFIED_10_FOLD_BY_FUNC_LABEL_PROGRAM_LEVEL"
"_STRING_TO_BUFFER","UNKNOWN_NEEDS_METADATA_REVIEW","fold_5","1","1","0","0","0","0","STRATIFIED_10_FOLD_BY_FUNC_LABEL_PROGRAM_LEVEL"
"BIN_TO_DWORD","UNKNOWN_NEEDS_METADATA_REVIEW","fold_6","1","1","0","0","0","0","STRATIFIED_10_FOLD_BY_FUNC_LABEL_PROGRAM_LEVEL"
"CALENDAR","UNKNOWN_NEEDS_METADATA_REVIEW","fold_7","1","1","0","0","0","0","STRATIFIED_10_FOLD_BY_FUNC_LABEL_PROGRAM_LEVEL"
"CHK_REAL","UNKNOWN_NEEDS_METADATA_REVIEW","fold_8","1","1","0","0","0","0","STRATIFIED_10_FOLD_BY_FUNC_LABEL_PROGRAM_LEVEL"
"COMPLEX","UNKNOWN_NEEDS_METADATA_REVIEW","fold_9","1","1","0","0","0","0","STRATIFIED_10_FOLD_BY_FUNC_LABEL_PROGRAM_LEVEL"
"CONSTANTS_LANGUAGE","UNKNOWN_NEEDS_METADATA_REVIEW","fold_0","1","1","0","0","0","0","STRATIFIED_10_FOLD_BY_FUNC_LABEL_PROGRAM_LEVEL"
"CONSTANTS_LOCATION","UNKNOWN_NEEDS_METADATA_REVIEW","fold_1","1","1","0","0","0","0","STRATIFIED_10_FOLD_BY_FUNC_LABEL_PROGRAM_LEVEL"
"CONSTANTS_MATH","UNKNOWN_NEEDS_METADATA_REVIEW","fold_2","1","1","0","0","0","0","STRATIFIED_10_FOLD_BY_FUNC_LABEL_PROGRAM_LEVEL"
"CONSTANTS_PHYS","UNKNOWN_NEEDS_METADATA_REVIEW","fold_3","1","1","0","0","0","0","STRATIFIED_10_FOLD_BY_FUNC_LABEL_PROGRAM_LEVEL"
"CONSTANTS_SETUP","UNKNOWN_NEEDS_METADATA_REVIEW","fold_4","1","1","0","0","0","0","STRATIFIED_10_FOLD_BY_FUNC_LABEL_PROGRAM_LEVEL"
"DEC1","UNKNOWN_NEEDS_METADATA_REVIEW","fold_5","4","4","0","0","0","0","STRATIFIED_10_FOLD_BY_FUNC_LABEL_PROGRAM_LEVEL"
"ESR_DATA","UNKNOWN_NEEDS_METADATA_REVIEW","fold_6","1","1","0","0","0","0","STRATIFIED_10_FOLD_BY_FUNC_LABEL_PROGRAM_LEVEL"
"FIND_CHAR","UNKNOWN_NEEDS_METADATA_REVIEW","fold_7","1","1","0","0","0","0","STRATIFIED_10_FOLD_BY_FUNC_LABEL_PROGRAM_LEVEL"
"FIND_CTRL","UNKNOWN_NEEDS_METADATA_REVIEW","fold_8","1","1","0","0","0","0","STRATIFIED_10_FOLD_BY_FUNC_LABEL_PROGRAM_LEVEL"
"FIND_NONUM","UNKNOWN_NEEDS_METADATA_REVIEW","fold_9","1","1","0","0","0","0","STRATIFIED_10_FOLD_BY_FUNC_LABEL_PROGRAM_LEVEL"
"FIND_NUM","UNKNOWN_NEEDS_METADATA_REVIEW","fold_0","1","1","0","0","0","0","STRATIFIED_10_FOLD_BY_FUNC_LABEL_PROGRAM_LEVEL"
"FINDB_NUM","UNKNOWN_NEEDS_METADATA_REVIEW","fold_1","1","1","0","0","0","0","STRATIFIED_10_FOLD_BY_FUNC_LABEL_PROGRAM_LEVEL"
"FRACTION","UNKNOWN_NEEDS_METADATA_REVIEW","fold_2","1","1","0","0","0","0","STRATIFIED_10_FOLD_BY_FUNC_LABEL_PROGRAM_LEVEL"
"FSTRING_TO_BYTE","UNKNOWN_NEEDS_METADATA_REVIEW","fold_3","1","1","0","0","0","0","STRATIFIED_10_FOLD_BY_FUNC_LABEL_PROGRAM_LEVEL"
"FSTRING_TO_DT","UNKNOWN_NEEDS_METADATA_REVIEW","fold_4","1","1","0","0","0","0","STRATIFIED_10_FOLD_BY_FUNC_LABEL_PROGRAM_LEVEL"
"FSTRING_TO_DWORD","UNKNOWN_NEEDS_METADATA_REVIEW","fold_5","1","1","0","0","0","0","STRATIFIED_10_FOLD_BY_FUNC_LABEL_PROGRAM_LEVEL"
"FSTRING_TO_MONTH","UNKNOWN_NEEDS_METADATA_REVIEW","fold_6","1","1","0","0","0","0","STRATIFIED_10_FOLD_BY_FUNC_LABEL_PROGRAM_LEVEL"
"FSTRING_TO_WEEK","UNKNOWN_NEEDS_METADATA_REVIEW","fold_7","1","1","0","0","0","0","STRATIFIED_10_FOLD_BY_FUNC_LABEL_PROGRAM_LEVEL"
"FSTRING_TO_WEEKDAY","UNKNOWN_NEEDS_METADATA_REVIEW","fold_8","1","1","0","0","0","0","STRATIFIED_10_FOLD_BY_FUNC_LABEL_PROGRAM_LEVEL"
"HOLIDAY_DATA","UNKNOWN_NEEDS_METADATA_REVIEW","fold_9","1","1","0","0","0","0","STRATIFIED_10_FOLD_BY_FUNC_LABEL_PROGRAM_LEVEL"
"IS_ALNUM","UNKNOWN_NEEDS_METADATA_REVIEW","fold_0","1","1","0","0","0","0","STRATIFIED_10_FOLD_BY_FUNC_LABEL_PROGRAM_LEVEL"
"IS_ALPHA","UNKNOWN_NEEDS_METADATA_REVIEW","fold_1","1","1","0","0","0","0","STRATIFIED_10_FOLD_BY_FUNC_LABEL_PROGRAM_LEVEL"
"IS_CTRL","UNKNOWN_NEEDS_METADATA_REVIEW","fold_2","1","1","0","0","0","0","STRATIFIED_10_FOLD_BY_FUNC_LABEL_PROGRAM_LEVEL"
"IS_HEX","UNKNOWN_NEEDS_METADATA_REVIEW","fold_3","1","1","0","0","0","0","STRATIFIED_10_FOLD_BY_FUNC_LABEL_PROGRAM_LEVEL"
"LIST_CLEAN","UNKNOWN_NEEDS_METADATA_REVIEW","fold_4","1","1","0","0","0","0","STRATIFIED_10_FOLD_BY_FUNC_LABEL_PROGRAM_LEVEL"
"LIST_GET","UNKNOWN_NEEDS_METADATA_REVIEW","fold_5","1","1","0","0","0","0","STRATIFIED_10_FOLD_BY_FUNC_LABEL_PROGRAM_LEVEL"
"LIST_INSERT","UNKNOWN_NEEDS_METADATA_REVIEW","fold_6","1","1","0","0","0","0","STRATIFIED_10_FOLD_BY_FUNC_LABEL_PROGRAM_LEVEL"
"LIST_LEN","UNKNOWN_NEEDS_METADATA_REVIEW","fold_7","1","1","0","0","0","0","STRATIFIED_10_FOLD_BY_FUNC_LABEL_PROGRAM_LEVEL"
"LIST_NEXT","UNKNOWN_NEEDS_METADATA_REVIEW","fold_8","1","1","0","0","0","0","STRATIFIED_10_FOLD_BY_FUNC_LABEL_PROGRAM_LEVEL"
"LIST_RETRIEVE","UNKNOWN_NEEDS_METADATA_REVIEW","fold_9","1","1","0","0","0","0","STRATIFIED_10_FOLD_BY_FUNC_LABEL_PROGRAM_LEVEL"
"LIST_RETRIEVE_LAST","UNKNOWN_NEEDS_METADATA_REVIEW","fold_0","1","1","0","0","0","0","STRATIFIED_10_FOLD_BY_FUNC_LABEL_PROGRAM_LEVEL"
"OVERRIDE","UNKNOWN_NEEDS_METADATA_REVIEW","fold_1","1","1","0","0","0","0","STRATIFIED_10_FOLD_BY_FUNC_LABEL_PROGRAM_LEVEL"
"REAL2","UNKNOWN_NEEDS_METADATA_REVIEW","fold_2","1","1","0","0","0","0","STRATIFIED_10_FOLD_BY_FUNC_LABEL_PROGRAM_LEVEL"
"SDT","UNKNOWN_NEEDS_METADATA_REVIEW","fold_3","1","1","0","0","0","0","STRATIFIED_10_FOLD_BY_FUNC_LABEL_PROGRAM_LEVEL"
"TIMER_EVENT","UNKNOWN_NEEDS_METADATA_REVIEW","fold_4","1","1","0","0","0","0","STRATIFIED_10_FOLD_BY_FUNC_LABEL_PROGRAM_LEVEL"
"VECTOR_3","UNKNOWN_NEEDS_METADATA_REVIEW","fold_5","1","1","0","0","0","0","STRATIFIED_10_FOLD_BY_FUNC_LABEL_PROGRAM_LEVEL"
"V3_ABS","Vector_Math","fold_0","4","4","0","0","0","0","STRATIFIED_10_FOLD_BY_FUNC_LABEL_PROGRAM_LEVEL"
"V3_ADD","Vector_Math","fold_1","4","4","0","0","0","0","STRATIFIED_10_FOLD_BY_FUNC_LABEL_PROGRAM_LEVEL"
"V3_ANG","Vector_Math","fold_2","4","4","0","0","0","0","STRATIFIED_10_FOLD_BY_FUNC_LABEL_PROGRAM_LEVEL"
"V3_DPRO","Vector_Math","fold_3","4","4","0","0","0","0","STRATIFIED_10_FOLD_BY_FUNC_LABEL_PROGRAM_LEVEL"
"V3_NORM","Vector_Math","fold_4","4","4","0","0","0","0","STRATIFIED_10_FOLD_BY_FUNC_LABEL_PROGRAM_LEVEL"
"V3_NUL","Vector_Math","fold_5","4","4","0","0","0","0","STRATIFIED_10_FOLD_BY_FUNC_LABEL_PROGRAM_LEVEL"
"V3_PAR","Vector_Math","fold_6","4","4","0","0","0","0","STRATIFIED_10_FOLD_BY_FUNC_LABEL_PROGRAM_LEVEL"
"V3_REV","Vector_Math","fold_7","4","4","0","0","0","0","STRATIFIED_10_FOLD_BY_FUNC_LABEL_PROGRAM_LEVEL"
"V3_SMUL","Vector_Math","fold_8","4","4","0","0","0","0","STRATIFIED_10_FOLD_BY_FUNC_LABEL_PROGRAM_LEVEL"
"V3_SUB","Vector_Math","fold_9","4","4","0","0","0","0","STRATIFIED_10_FOLD_BY_FUNC_LABEL_PROGRAM_LEVEL"
"V3_XANG","Vector_Math","fold_0","4","4","0","0","0","0","STRATIFIED_10_FOLD_BY_FUNC_LABEL_PROGRAM_LEVEL"
"V3_XPRO","Vector_Math","fold_1","4","4","0","0","0","0","STRATIFIED_10_FOLD_BY_FUNC_LABEL_PROGRAM_LEVEL"
"V3_YANG","Vector_Math","fold_2","4","4","0","0","0","0","STRATIFIED_10_FOLD_BY_FUNC_LABEL_PROGRAM_LEVEL"
"V3_ZANG","Vector_Math","fold_3","4","4","0","0","0","0","STRATIFIED_10_FOLD_BY_FUNC_LABEL_PROGRAM_LEVEL"
